--Populate Tables--

USE Bank_Account_Records
insert into Customer (CustomerID, Firstname, Lastname, email, Gender, Birthdate, Address, Phonenumber) values (1, 'Fanchette', 'Pashba', 'fpashba0@tiny.cc', 'Male', '11/12/1984', '813 Dottie Terrace', '263-560-1552');
insert into Customer (CustomerID, Firstname, Lastname, email, Gender, Birthdate, Address, Phonenumber) values (2, 'Faber', 'Lindwall', 'flindwall1@wired.com', 'Male', '8/6/1963', '81 Ilene Court', '461-769-8654');
insert into Customer (CustomerID, Firstname, Lastname, email, Gender, Birthdate, Address, Phonenumber) values (3, 'Manya', 'Casson', 'mcasson2@cyberchimps.com', 'Male', '12/22/2000', '07701 Hoffman Hill', '697-615-7421');
insert into Customer (CustomerID, Firstname, Lastname, email, Gender, Birthdate, Address, Phonenumber) values (4, 'Nappie', 'Foro', 'nforo3@symantec.com', 'Female', '6/24/1958', '42 Dayton Avenue', '517-731-2595');
insert into Customer (CustomerID, Firstname, Lastname, email, Gender, Birthdate, Address, Phonenumber) values (5, 'Ellynn', 'Soper', 'esoper4@reddit.com', 'Male', '3/20/1950', '29891 Hoard Terrace', '837-965-1010');
insert into Customer (CustomerID, Firstname, Lastname, email, Gender, Birthdate, Address, Phonenumber) values (6, 'Katuscha', 'Folbigg', 'kfolbigg5@wsj.com', 'Male', '4/30/2006', '8304 Aberg Street', '157-217-9575');
insert into Customer (CustomerID, Firstname, Lastname, email, Gender, Birthdate, Address, Phonenumber) values (7, 'Rosaleen', 'Wesgate', 'rwesgate6@trellian.com', 'Male', '9/10/1959', '30 Anniversary Road', '699-282-6070');
insert into Customer (CustomerID, Firstname, Lastname, email, Gender, Birthdate, Address, Phonenumber) values (8, 'Carrol', 'Bellelli', 'cbellelli7@tinyurl.com', 'Male', '2/15/1963', '9 Thierer Lane', '808-159-5354');
insert into Customer (CustomerID, Firstname, Lastname, email, Gender, Birthdate, Address, Phonenumber) values (9, 'Elna', 'Debold', 'edebold8@npr.org', 'Male', '6/27/1958', '49 Esch Pass', '181-645-4492');
insert into Customer (CustomerID, Firstname, Lastname, email, Gender, Birthdate, Address, Phonenumber) values (10, 'Faustine', 'Glisenan', 'fglisenan9@alexa.com', 'Male', '5/11/1970', '38 Sommers Avenue', '331-316-2472');
insert into Customer (CustomerID, Firstname, Lastname, email, Gender, Birthdate, Address, Phonenumber) values (11, 'Ruthie', 'Rivalant', 'rrivalanta@squidoo.com', 'Female', '11/22/1971', '28 Bay Place', '941-387-0894');
insert into Customer (CustomerID, Firstname, Lastname, email, Gender, Birthdate, Address, Phonenumber) values (12, 'Kim', 'Eschalette', 'keschaletteb@slashdot.org', 'Male', '4/23/1995', '4 Basil Terrace', '533-178-9214');
insert into Customer (CustomerID, Firstname, Lastname, email, Gender, Birthdate, Address, Phonenumber) values (13, 'Rolando', 'Pechan', 'rpechanc@parallels.com', 'Female', '4/14/1945', '3993 Westerfield Park', '808-874-0688');
insert into Customer (CustomerID, Firstname, Lastname, email, Gender, Birthdate, Address, Phonenumber) values (14, 'Daron', 'Semon', 'dsemond@myspace.com', 'Male', '4/29/1951', '844 Eliot Place', '288-348-4975');
insert into Customer (CustomerID, Firstname, Lastname, email, Gender, Birthdate, Address, Phonenumber) values (15, 'Merissa', 'Glass', 'mglasse@squarespace.com', 'Female', '1/9/1982', '61 Waubesa Terrace', '679-835-9777');
insert into Customer (CustomerID, Firstname, Lastname, email, Gender, Birthdate, Address, Phonenumber) values (16, 'Sibbie', 'Lightwing', 'slightwingf@forbes.com', 'Male', '8/9/1983', '9 Gulseth Plaza', '686-448-3488');
insert into Customer (CustomerID, Firstname, Lastname, email, Gender, Birthdate, Address, Phonenumber) values (17, 'Wesley', 'Piddock', 'wpiddockg@vk.com', 'Female', '11/21/1994', '7 Harbort Circle', '766-308-7193');
insert into Customer (CustomerID, Firstname, Lastname, email, Gender, Birthdate, Address, Phonenumber) values (18, 'Shirline', 'Poltun', 'spoltunh@cocolog-nifty.com', 'Female', '7/19/1972', '22 Loftsgordon Street', '927-859-0806');
insert into Customer (CustomerID, Firstname, Lastname, email, Gender, Birthdate, Address, Phonenumber) values (19, 'Alastair', 'MacLaig', 'amaclaigi@illinois.edu', 'Female', '9/14/1950', '34 Prairie Rose Place', '338-731-7400');
insert into Customer (CustomerID, Firstname, Lastname, email, Gender, Birthdate, Address, Phonenumber) values (20, 'Claire', 'Pimlock', 'cpimlockj@elegantthemes.com', 'Male', '12/2/1991', '3394 Miller Alley', '502-565-5750');
insert into Customer (CustomerID, Firstname, Lastname, email, Gender, Birthdate, Address, Phonenumber) values (21, 'Tabina', 'Hawkey', 'thawkeyk@github.io', 'Female', '9/25/1967', '0405 2nd Place', '991-961-1157');
insert into Customer (CustomerID, Firstname, Lastname, email, Gender, Birthdate, Address, Phonenumber) values (22, 'Starlene', 'Van Castele', 'svancastelel@deviantart.com', 'Female', '4/14/1950', '3 Elgar Terrace', '370-151-8306');
insert into Customer (CustomerID, Firstname, Lastname, email, Gender, Birthdate, Address, Phonenumber) values (23, 'Townie', 'Garfitt', 'tgarfittm@aol.com', 'Female', '5/20/1971', '5089 Judy Way', '367-364-7825');
insert into Customer (CustomerID, Firstname, Lastname, email, Gender, Birthdate, Address, Phonenumber) values (24, 'Angelita', 'Matthis', 'amatthisn@archive.org', 'Male', '11/3/1947', '77849 Pearson Alley', '954-327-4339');
insert into Customer (CustomerID, Firstname, Lastname, email, Gender, Birthdate, Address, Phonenumber) values (25, 'Susy', 'Jacke', 'sjackeo@noaa.gov', 'Male', '12/14/1956', '9975 Becker Parkway', '124-885-8363');
insert into Customer (CustomerID, Firstname, Lastname, email, Gender, Birthdate, Address, Phonenumber) values (26, 'Manolo', 'Cometti', 'mcomettip@twitter.com', 'Male', '5/17/1970', '31 Springview Park', '876-950-3597');
insert into Customer (CustomerID, Firstname, Lastname, email, Gender, Birthdate, Address, Phonenumber) values (27, 'Corri', 'Whiteford', 'cwhitefordq@elpais.com', 'Male', '3/5/1963', '37 Raven Trail', '206-861-8250');
insert into Customer (CustomerID, Firstname, Lastname, email, Gender, Birthdate, Address, Phonenumber) values (28, 'Evita', 'Janew', 'ejanewr@woothemes.com', 'Female', '8/28/1988', '355 Parkside Point', '955-617-0912');
insert into Customer (CustomerID, Firstname, Lastname, email, Gender, Birthdate, Address, Phonenumber) values (29, 'Sergeant', 'Willes', 'swilless@addtoany.com', 'Male', '10/9/1983', '46567 Talisman Lane', '879-658-3597');
insert into Customer (CustomerID, Firstname, Lastname, email, Gender, Birthdate, Address, Phonenumber) values (30, 'Elita', 'Speak', 'espeakt@techcrunch.com', 'Male', '7/7/1948', '4261 Aberg Street', '368-818-3960');
insert into Customer (CustomerID, Firstname, Lastname, email, Gender, Birthdate, Address, Phonenumber) values (31, 'Hughie', 'Bulward', 'hbulwardu@bigcartel.com', 'Male', '8/7/1985', '28294 Meadow Valley Court', '449-551-6180');
insert into Customer (CustomerID, Firstname, Lastname, email, Gender, Birthdate, Address, Phonenumber) values (32, 'Shanda', 'Franceschi', 'sfranceschiv@mapy.cz', 'Male', '5/13/1984', '46 Washington Avenue', '976-744-2413');
insert into Customer (CustomerID, Firstname, Lastname, email, Gender, Birthdate, Address, Phonenumber) values (33, 'Brana', 'Deamer', 'bdeamerw@gravatar.com', 'Female', '8/8/1948', '8389 Evergreen Plaza', '531-393-4695');
insert into Customer (CustomerID, Firstname, Lastname, email, Gender, Birthdate, Address, Phonenumber) values (34, 'Melisent', 'Tregea', 'mtregeax@unesco.org', 'Male', '11/19/1966', '6637 7th Pass', '556-935-8867');
insert into Customer (CustomerID, Firstname, Lastname, email, Gender, Birthdate, Address, Phonenumber) values (35, 'Orella', 'Birdseye', 'obirdseyey@amazon.co.uk', 'Male', '2/9/1970', '66 Manufacturers Court', '198-753-5597');
insert into Customer (CustomerID, Firstname, Lastname, email, Gender, Birthdate, Address, Phonenumber) values (36, 'Florian', 'Kenzie', 'fkenziez@zimbio.com', 'Female', '12/4/1984', '702 Eagan Street', '448-819-7912');
insert into Customer (CustomerID, Firstname, Lastname, email, Gender, Birthdate, Address, Phonenumber) values (37, 'Vincents', 'Barefoot', 'vbarefoot10@bloomberg.com', 'Male', '10/7/1962', '44 Arizona Trail', '744-738-9940');
insert into Customer (CustomerID, Firstname, Lastname, email, Gender, Birthdate, Address, Phonenumber) values (38, 'Halli', 'Armer', 'harmer11@wunderground.com', 'Female', '11/14/1969', '97 Bobwhite Street', '230-610-9433');
insert into Customer (CustomerID, Firstname, Lastname, email, Gender, Birthdate, Address, Phonenumber) values (39, 'Concordia', 'Pinkett', 'cpinkett12@a8.net', 'Female', '1/30/1946', '7363 Nova Circle', '149-112-6890');
insert into Customer (CustomerID, Firstname, Lastname, email, Gender, Birthdate, Address, Phonenumber) values (40, 'Shaylyn', 'Bouchard', 'sbouchard13@upenn.edu', 'Female', '8/12/2004', '12 East Center', '205-856-8904');
insert into Customer (CustomerID, Firstname, Lastname, email, Gender, Birthdate, Address, Phonenumber) values (41, 'Annemarie', 'Runnacles', 'arunnacles14@goo.ne.jp', 'Male', '5/18/2006', '5 Farmco Place', '937-298-3248');
insert into Customer (CustomerID, Firstname, Lastname, email, Gender, Birthdate, Address, Phonenumber) values (42, 'Barbara', 'Ainley', 'bainley15@free.fr', 'Male', '8/7/2001', '98 Swallow Road', '622-813-5682');
insert into Customer (CustomerID, Firstname, Lastname, email, Gender, Birthdate, Address, Phonenumber) values (43, 'Toma', 'Outhwaite', 'touthwaite16@sitemeter.com', 'Male', '8/15/1951', '2 Alpine Street', '112-550-0122');
insert into Customer (CustomerID, Firstname, Lastname, email, Gender, Birthdate, Address, Phonenumber) values (44, 'Seamus', 'Crepin', 'screpin17@techcrunch.com', 'Male', '7/27/1944', '01970 Golf View Place', '451-654-2183');
insert into Customer (CustomerID, Firstname, Lastname, email, Gender, Birthdate, Address, Phonenumber) values (45, 'Clemmy', 'Valentim', 'cvalentim18@goo.gl', 'Female', '3/13/1988', '804 Almo Terrace', '149-182-2377');
insert into Customer (CustomerID, Firstname, Lastname, email, Gender, Birthdate, Address, Phonenumber) values (46, 'Sauncho', 'Sharvill', 'ssharvill19@statcounter.com', 'Female', '12/4/1953', '7020 Forster Pass', '537-745-4943');
insert into Customer (CustomerID, Firstname, Lastname, email, Gender, Birthdate, Address, Phonenumber) values (47, 'Cloe', 'Mathwin', 'cmathwin1a@creativecommons.org', 'Male', '2/20/1992', '43 Buhler Court', '971-899-0501');
insert into Customer (CustomerID, Firstname, Lastname, email, Gender, Birthdate, Address, Phonenumber) values (48, 'Zola', 'Kalkofen', 'zkalkofen1b@histats.com', 'Female', '12/11/1959', '330 Novick Crossing', '609-287-0311');
insert into Customer (CustomerID, Firstname, Lastname, email, Gender, Birthdate, Address, Phonenumber) values (49, 'Jordan', 'Castanaga', 'jcastanaga1c@technorati.com', 'Female', '10/3/1951', '7 Badeau Circle', '705-316-7339');
insert into Customer (CustomerID, Firstname, Lastname, email, Gender, Birthdate, Address, Phonenumber) values (50, 'Katina', 'Davall', 'kdavall1d@wikia.com', 'Female', '4/25/1962', '76695 Springs Trail', '765-911-2408');
insert into Customer (CustomerID, Firstname, Lastname, email, Gender, Birthdate, Address, Phonenumber) values (51, 'Langston', 'Vedyashkin', 'lvedyashkin1e@sciencedirect.com', 'Female', '11/24/1995', '2228 Orin Road', '693-933-8901');
insert into Customer (CustomerID, Firstname, Lastname, email, Gender, Birthdate, Address, Phonenumber) values (52, 'Ericha', 'Ewens', 'eewens1f@berkeley.edu', 'Female', '4/30/1997', '0 Buell Terrace', '527-701-8451');
insert into Customer (CustomerID, Firstname, Lastname, email, Gender, Birthdate, Address, Phonenumber) values (53, 'Osgood', 'Nind', 'onind1g@woothemes.com', 'Female', '2/23/1996', '3 Summerview Avenue', '384-895-4312');
insert into Customer (CustomerID, Firstname, Lastname, email, Gender, Birthdate, Address, Phonenumber) values (54, 'Thedrick', 'Hendricks', 'thendricks1h@hubpages.com', 'Female', '3/4/2000', '43 Lerdahl Circle', '538-743-2832');
insert into Customer (CustomerID, Firstname, Lastname, email, Gender, Birthdate, Address, Phonenumber) values (55, 'Joshuah', 'Urwen', 'jurwen1i@ask.com', 'Male', '3/5/1952', '241 Merchant Junction', '690-213-7875');
insert into Customer (CustomerID, Firstname, Lastname, email, Gender, Birthdate, Address, Phonenumber) values (56, 'Lib', 'Kear', 'lkear1j@answers.com', 'Female', '9/28/1996', '01 Farwell Parkway', '715-829-6249');
insert into Customer (CustomerID, Firstname, Lastname, email, Gender, Birthdate, Address, Phonenumber) values (57, 'Robyn', 'Ballance', 'rballance1k@admin.ch', 'Male', '3/8/1951', '0808 Holmberg Court', '641-689-3909');
insert into Customer (CustomerID, Firstname, Lastname, email, Gender, Birthdate, Address, Phonenumber) values (58, 'Fowler', 'Litel', 'flitel1l@google.com.br', 'Male', '2/4/1953', '199 Claremont Parkway', '929-568-9208');
insert into Customer (CustomerID, Firstname, Lastname, email, Gender, Birthdate, Address, Phonenumber) values (59, 'Welby', 'Beslier', 'wbeslier1m@infoseek.co.jp', 'Female', '7/14/1961', '0 Ruskin Avenue', '327-272-2394');
insert into Customer (CustomerID, Firstname, Lastname, email, Gender, Birthdate, Address, Phonenumber) values (60, 'Lowe', 'Chittie', 'lchittie1n@squarespace.com', 'Male', '3/11/1963', '0 Johnson Way', '640-610-2584');
insert into Customer (CustomerID, Firstname, Lastname, email, Gender, Birthdate, Address, Phonenumber) values (61, 'Marwin', 'Fairbairn', 'mfairbairn1o@businesswire.com', 'Male', '1/5/1952', '6 Amoth Court', '230-435-8626');
insert into Customer (CustomerID, Firstname, Lastname, email, Gender, Birthdate, Address, Phonenumber) values (62, 'Roby', 'Juggings', 'rjuggings1p@bigcartel.com', 'Male', '1/6/1952', '9225 Kensington Avenue', '868-358-8799');
insert into Customer (CustomerID, Firstname, Lastname, email, Gender, Birthdate, Address, Phonenumber) values (63, 'Justina', 'Lighterness', 'jlighterness1q@bravesites.com', 'Female', '3/16/1968', '9 Dorton Street', '215-928-1268');
insert into Customer (CustomerID, Firstname, Lastname, email, Gender, Birthdate, Address, Phonenumber) values (64, 'Wendel', 'Siddon', 'wsiddon1r@cornell.edu', 'Male', '10/30/1955', '3551 Porter Crossing', '218-689-6867');
insert into Customer (CustomerID, Firstname, Lastname, email, Gender, Birthdate, Address, Phonenumber) values (65, 'Freddy', 'Hirche', 'fhirche1s@buzzfeed.com', 'Female', '3/16/1969', '62 Harper Drive', '182-763-4846');
insert into Customer (CustomerID, Firstname, Lastname, email, Gender, Birthdate, Address, Phonenumber) values (66, 'Murvyn', 'Eves', 'meves1t@cmu.edu', 'Female', '5/1/1953', '63465 Lakewood Gardens Parkway', '229-382-9368');
insert into Customer (CustomerID, Firstname, Lastname, email, Gender, Birthdate, Address, Phonenumber) values (67, 'Leela', 'Janning', 'ljanning1u@theglobeandmail.com', 'Male', '10/22/1984', '29587 Packers Parkway', '402-805-0688');
insert into Customer (CustomerID, Firstname, Lastname, email, Gender, Birthdate, Address, Phonenumber) values (68, 'Alford', 'Pittendreigh', 'apittendreigh1v@columbia.edu', 'Female', '1/22/1969', '62 La Follette Trail', '609-705-2075');
insert into Customer (CustomerID, Firstname, Lastname, email, Gender, Birthdate, Address, Phonenumber) values (69, 'Ilse', 'Sazio', 'isazio1w@behance.net', 'Female', '1/26/1955', '4 Meadow Valley Street', '783-762-6890');
insert into Customer (CustomerID, Firstname, Lastname, email, Gender, Birthdate, Address, Phonenumber) values (70, 'Delmer', 'Rugg', 'drugg1x@mit.edu', 'Male', '2/21/1955', '69 Haas Drive', '411-691-8542');
insert into Customer (CustomerID, Firstname, Lastname, email, Gender, Birthdate, Address, Phonenumber) values (71, 'Lockwood', 'Elce', 'lelce1y@businessweek.com', 'Male', '2/8/1973', '96 Delaware Court', '673-162-3689');
insert into Customer (CustomerID, Firstname, Lastname, email, Gender, Birthdate, Address, Phonenumber) values (72, 'Reid', 'Roose', 'rroose1z@tuttocitta.it', 'Female', '12/4/1985', '6 Granby Crossing', '397-175-5150');
insert into Customer (CustomerID, Firstname, Lastname, email, Gender, Birthdate, Address, Phonenumber) values (73, 'Rudolph', 'Plesing', 'rplesing20@t.co', 'Female', '4/27/1997', '13 Bluejay Court', '434-628-5866');
insert into Customer (CustomerID, Firstname, Lastname, email, Gender, Birthdate, Address, Phonenumber) values (74, 'Kylynn', 'Seawright', 'kseawright21@hhs.gov', 'Male', '12/6/2002', '565 Mayfield Hill', '578-850-5575');
insert into Customer (CustomerID, Firstname, Lastname, email, Gender, Birthdate, Address, Phonenumber) values (75, 'Elvera', 'Vassie', 'evassie22@indiegogo.com', 'Female', '7/16/1968', '05782 Moulton Junction', '102-798-8395');
insert into Customer (CustomerID, Firstname, Lastname, email, Gender, Birthdate, Address, Phonenumber) values (76, 'Tripp', 'Doornbos', 'tdoornbos23@mapquest.com', 'Female', '10/2/1992', '69 Lakewood Parkway', '518-254-9022');
insert into Customer (CustomerID, Firstname, Lastname, email, Gender, Birthdate, Address, Phonenumber) values (77, 'Rafaello', 'Airds', 'rairds24@shutterfly.com', 'Male', '7/12/2002', '471 Roxbury Park', '448-117-6212');
insert into Customer (CustomerID, Firstname, Lastname, email, Gender, Birthdate, Address, Phonenumber) values (78, 'Henriette', 'Rushmere', 'hrushmere25@springer.com', 'Female', '4/18/1947', '7 Tomscot Street', '544-508-2783');
insert into Customer (CustomerID, Firstname, Lastname, email, Gender, Birthdate, Address, Phonenumber) values (79, 'Michel', 'Fowgies', 'mfowgies26@dedecms.com', 'Male', '11/30/1958', '71 Bluestem Place', '578-807-6786');
insert into Customer (CustomerID, Firstname, Lastname, email, Gender, Birthdate, Address, Phonenumber) values (80, 'Billy', 'Fronek', 'bfronek27@google.com.br', 'Male', '9/21/1964', '04 Dunning Crossing', '801-363-9895');
insert into Customer (CustomerID, Firstname, Lastname, email, Gender, Birthdate, Address, Phonenumber) values (81, 'Thorin', 'Tollfree', 'ttollfree28@ucoz.ru', 'Male', '5/16/1987', '207 Kropf Way', '942-454-5173');
insert into Customer (CustomerID, Firstname, Lastname, email, Gender, Birthdate, Address, Phonenumber) values (82, 'Bendick', 'Mandeville', 'bmandeville29@omniture.com', 'Male', '12/28/1984', '49 Independence Alley', '763-898-9289');
insert into Customer (CustomerID, Firstname, Lastname, email, Gender, Birthdate, Address, Phonenumber) values (83, 'Annmarie', 'Leidecker', 'aleidecker2a@com.com', 'Female', '3/4/1947', '08 Sunbrook Lane', '628-158-7219');
insert into Customer (CustomerID, Firstname, Lastname, email, Gender, Birthdate, Address, Phonenumber) values (84, 'Zebedee', 'Hallede', 'zhallede2b@yale.edu', 'Male', '5/21/2000', '3 Bunting Junction', '241-407-4549');
insert into Customer (CustomerID, Firstname, Lastname, email, Gender, Birthdate, Address, Phonenumber) values (85, 'Franciskus', 'Allmond', 'fallmond2c@epa.gov', 'Male', '10/5/2002', '635 Bashford Junction', '823-586-6700');
insert into Customer (CustomerID, Firstname, Lastname, email, Gender, Birthdate, Address, Phonenumber) values (86, 'Law', 'Dumbleton', 'ldumbleton2d@naver.com', 'Male', '2/24/1974', '29 Upham Lane', '308-871-6468');
insert into Customer (CustomerID, Firstname, Lastname, email, Gender, Birthdate, Address, Phonenumber) values (87, 'Elbert', 'Ambrogini', 'eambrogini2e@businesswire.com', 'Male', '8/24/1972', '631 Kinsman Drive', '189-411-4128');
insert into Customer (CustomerID, Firstname, Lastname, email, Gender, Birthdate, Address, Phonenumber) values (88, 'Leslie', 'Szanto', 'lszanto2f@cnbc.com', 'Female', '2/19/1979', '59774 Warrior Circle', '744-710-1298');
insert into Customer (CustomerID, Firstname, Lastname, email, Gender, Birthdate, Address, Phonenumber) values (89, 'Sophie', 'Rampley', 'srampley2g@ycombinator.com', 'Male', '3/13/1981', '988 Bunker Hill Junction', '703-824-0825');
insert into Customer (CustomerID, Firstname, Lastname, email, Gender, Birthdate, Address, Phonenumber) values (90, 'Kennie', 'Appleford', 'kappleford2h@technorati.com', 'Male', '5/14/1966', '417 Oxford Avenue', '879-894-9847');
insert into Customer (CustomerID, Firstname, Lastname, email, Gender, Birthdate, Address, Phonenumber) values (91, 'Andrej', 'Gresswood', 'agresswood2i@google.es', 'Male', '5/16/1954', '13992 Blue Bill Park Alley', '560-907-4320');
insert into Customer (CustomerID, Firstname, Lastname, email, Gender, Birthdate, Address, Phonenumber) values (92, 'Abel', 'Stych', 'astych2j@senate.gov', 'Male', '6/23/1983', '1343 Dawn Trail', '489-361-9660');
insert into Customer (CustomerID, Firstname, Lastname, email, Gender, Birthdate, Address, Phonenumber) values (93, 'Benedetto', 'Craufurd', 'bcraufurd2k@aol.com', 'Female', '4/27/1970', '0616 Surrey Point', '302-932-1860');
insert into Customer (CustomerID, Firstname, Lastname, email, Gender, Birthdate, Address, Phonenumber) values (94, 'Nealson', 'Paladino', 'npaladino2l@vk.com', 'Female', '4/7/2006', '09 Prairieview Parkway', '465-831-1651');
insert into Customer (CustomerID, Firstname, Lastname, email, Gender, Birthdate, Address, Phonenumber) values (95, 'Nikola', 'Bridat', 'nbridat2m@51.la', 'Male', '1/14/1989', '7 International Drive', '300-494-9096');
insert into Customer (CustomerID, Firstname, Lastname, email, Gender, Birthdate, Address, Phonenumber) values (96, 'Sargent', 'Hannan', 'shannan2n@microsoft.com', 'Female', '12/3/1963', '50 Bultman Avenue', '776-715-6732');
insert into Customer (CustomerID, Firstname, Lastname, email, Gender, Birthdate, Address, Phonenumber) values (97, 'Ciro', 'Shoppee', 'cshoppee2o@xrea.com', 'Male', '5/22/2003', '1 Elka Parkway', '155-104-9777');
insert into Customer (CustomerID, Firstname, Lastname, email, Gender, Birthdate, Address, Phonenumber) values (98, 'Candice', 'Tooting', 'ctooting2p@nps.gov', 'Male', '8/24/1970', '0444 Boyd Hill', '722-424-9658');
insert into Customer (CustomerID, Firstname, Lastname, email, Gender, Birthdate, Address, Phonenumber) values (99, 'Jade', 'Gherardelli', 'jgherardelli2q@archive.org', 'Female', '4/28/1946', '19 Buhler Alley', '271-298-1167');
insert into Customer (CustomerID, Firstname, Lastname, email, Gender, Birthdate, Address, Phonenumber) values (100, 'Lila', 'Briddle', 'lbriddle2r@macromedia.com', 'Male', '6/21/1956', '8 Dapin Street', '251-338-1722');
insert into Customer (CustomerID, Firstname, Lastname, email, Gender, Birthdate, Address, Phonenumber) values (101, 'Matty', 'Kuhnt', 'mkuhnt2s@noaa.gov', 'Male', '8/3/1986', '01818 Hooker Alley', '314-812-9610');
insert into Customer (CustomerID, Firstname, Lastname, email, Gender, Birthdate, Address, Phonenumber) values (102, 'Agnella', 'Yoell', 'ayoell2t@usatoday.com', 'Male', '12/14/1972', '533 Ryan Pass', '173-520-1060');
insert into Customer (CustomerID, Firstname, Lastname, email, Gender, Birthdate, Address, Phonenumber) values (103, 'Walsh', 'Olijve', 'wolijve2u@privacy.gov.au', 'Male', '12/17/1986', '14191 Fairfield Parkway', '952-510-8426');
insert into Customer (CustomerID, Firstname, Lastname, email, Gender, Birthdate, Address, Phonenumber) values (104, 'Artemus', 'Marchi', 'amarchi2v@ftc.gov', 'Male', '4/1/2000', '28036 Carpenter Street', '785-911-1709');
insert into Customer (CustomerID, Firstname, Lastname, email, Gender, Birthdate, Address, Phonenumber) values (105, 'Georgena', 'Bangham', 'gbangham2w@istockphoto.com', 'Female', '6/8/1988', '0809 Ridgeview Road', '483-155-2709');
insert into Customer (CustomerID, Firstname, Lastname, email, Gender, Birthdate, Address, Phonenumber) values (106, 'Corrie', 'Raphael', 'craphael2x@mozilla.com', 'Male', '9/8/1957', '34740 Hermina Pass', '521-591-3422');
insert into Customer (CustomerID, Firstname, Lastname, email, Gender, Birthdate, Address, Phonenumber) values (107, 'Berry', 'Shephard', 'bshephard2y@telegraph.co.uk', 'Female', '9/12/1990', '5 Spaight Point', '145-744-9183');
insert into Customer (CustomerID, Firstname, Lastname, email, Gender, Birthdate, Address, Phonenumber) values (108, 'Kip', 'Bodham', 'kbodham2z@list-manage.com', 'Female', '4/9/2006', '5411 Stuart Place', '788-953-6252');
insert into Customer (CustomerID, Firstname, Lastname, email, Gender, Birthdate, Address, Phonenumber) values (109, 'Killy', 'Bythell', 'kbythell30@com.com', 'Male', '1/8/1950', '133 Knutson Park', '355-146-8575');
insert into Customer (CustomerID, Firstname, Lastname, email, Gender, Birthdate, Address, Phonenumber) values (110, 'Tedman', 'O''Carran', 'tocarran31@nyu.edu', 'Female', '11/6/1989', '3 Dennis Court', '600-948-0672');
insert into Customer (CustomerID, Firstname, Lastname, email, Gender, Birthdate, Address, Phonenumber) values (111, 'Dehlia', 'Tupp', 'dtupp32@nhs.uk', 'Male', '12/27/1970', '1214 Spaight Center', '158-364-9499');
insert into Customer (CustomerID, Firstname, Lastname, email, Gender, Birthdate, Address, Phonenumber) values (112, 'Wenda', 'Andrez', 'wandrez33@examiner.com', 'Female', '4/14/1993', '47 Stephen Lane', '919-112-8732');
insert into Customer (CustomerID, Firstname, Lastname, email, Gender, Birthdate, Address, Phonenumber) values (113, 'Karylin', 'McKeggie', 'kmckeggie34@nih.gov', 'Female', '9/22/1987', '5 Mayfield Parkway', '473-518-4313');
insert into Customer (CustomerID, Firstname, Lastname, email, Gender, Birthdate, Address, Phonenumber) values (114, 'Tuckie', 'M''Quharge', 'tmquharge35@mysql.com', 'Male', '7/17/1997', '7 Arkansas Avenue', '570-633-8527');
insert into Customer (CustomerID, Firstname, Lastname, email, Gender, Birthdate, Address, Phonenumber) values (115, 'Meridith', 'O''Devey', 'modevey36@exblog.jp', 'Male', '11/10/1975', '54141 Muir Court', '687-391-5913');
insert into Customer (CustomerID, Firstname, Lastname, email, Gender, Birthdate, Address, Phonenumber) values (116, 'Michele', 'Stansfield', 'mstansfield37@dailymail.co.uk', 'Female', '5/4/2005', '27 Sauthoff Trail', '774-403-2406');
insert into Customer (CustomerID, Firstname, Lastname, email, Gender, Birthdate, Address, Phonenumber) values (117, 'Marcy', 'Chitson', 'mchitson38@pinterest.com', 'Female', '1/21/2000', '728 Donald Lane', '448-463-8141');
insert into Customer (CustomerID, Firstname, Lastname, email, Gender, Birthdate, Address, Phonenumber) values (118, 'Alicia', 'Hastilow', 'ahastilow39@topsy.com', 'Female', '9/16/1951', '71 Ilene Plaza', '796-328-9322');
insert into Customer (CustomerID, Firstname, Lastname, email, Gender, Birthdate, Address, Phonenumber) values (119, 'Barbee', 'Rapport', 'brapport3a@is.gd', 'Male', '8/1/1961', '69 Hansons Way', '653-886-7458');
insert into Customer (CustomerID, Firstname, Lastname, email, Gender, Birthdate, Address, Phonenumber) values (120, 'Catarina', 'Shrawley', 'cshrawley3b@reuters.com', 'Male', '10/31/1944', '59 Ilene Center', '539-565-3580');
insert into Customer (CustomerID, Firstname, Lastname, email, Gender, Birthdate, Address, Phonenumber) values (121, 'Netta', 'Mawer', 'nmawer3c@gizmodo.com', 'Female', '11/29/1978', '29 Granby Lane', '748-272-0175');
insert into Customer (CustomerID, Firstname, Lastname, email, Gender, Birthdate, Address, Phonenumber) values (122, 'Stevy', 'Boni', 'sboni3d@cnet.com', 'Female', '12/15/1950', '791 Gina Drive', '735-887-4568');
insert into Customer (CustomerID, Firstname, Lastname, email, Gender, Birthdate, Address, Phonenumber) values (123, 'Mohammed', 'Hunday', 'mhunday3e@google.co.jp', 'Male', '6/7/1966', '87 Burrows Trail', '227-113-5061');
insert into Customer (CustomerID, Firstname, Lastname, email, Gender, Birthdate, Address, Phonenumber) values (124, 'Danit', 'Burgane', 'dburgane3f@exblog.jp', 'Female', '2/12/1974', '0032 Bay Road', '875-717-2353');
insert into Customer (CustomerID, Firstname, Lastname, email, Gender, Birthdate, Address, Phonenumber) values (125, 'Doralia', 'Geldert', 'dgeldert3g@skyrock.com', 'Male', '8/23/1976', '50682 Moose Junction', '346-608-3543');
insert into Customer (CustomerID, Firstname, Lastname, email, Gender, Birthdate, Address, Phonenumber) values (126, 'Urbanus', 'Sharma', 'usharma3h@goo.ne.jp', 'Female', '7/31/2005', '78 Hoard Park', '202-428-2590');
insert into Customer (CustomerID, Firstname, Lastname, email, Gender, Birthdate, Address, Phonenumber) values (127, 'Jamie', 'Chomley', 'jchomley3i@baidu.com', 'Male', '2/5/1979', '484 Granby Park', '671-215-0454');
insert into Customer (CustomerID, Firstname, Lastname, email, Gender, Birthdate, Address, Phonenumber) values (128, 'Logan', 'Hardie', 'lhardie3j@aol.com', 'Female', '3/22/1987', '47206 Tennessee Circle', '586-131-2121');
insert into Customer (CustomerID, Firstname, Lastname, email, Gender, Birthdate, Address, Phonenumber) values (129, 'Lib', 'Barwell', 'lbarwell3k@flavors.me', 'Female', '12/28/1983', '7186 Forest Alley', '182-207-4943');
insert into Customer (CustomerID, Firstname, Lastname, email, Gender, Birthdate, Address, Phonenumber) values (130, 'Opalina', 'Laughtisse', 'olaughtisse3l@quantcast.com', 'Male', '12/19/1976', '0 Swallow Park', '270-375-6906');
insert into Customer (CustomerID, Firstname, Lastname, email, Gender, Birthdate, Address, Phonenumber) values (131, 'Donovan', 'Adams', 'dadams3m@howstuffworks.com', 'Male', '6/13/1986', '7737 Arkansas Avenue', '767-459-3018');
insert into Customer (CustomerID, Firstname, Lastname, email, Gender, Birthdate, Address, Phonenumber) values (132, 'Oriana', 'De Carolis', 'odecarolis3n@cdc.gov', 'Male', '6/17/1977', '8 Grim Way', '364-129-1676');
insert into Customer (CustomerID, Firstname, Lastname, email, Gender, Birthdate, Address, Phonenumber) values (133, 'Ninetta', 'McNeilley', 'nmcneilley3o@a8.net', 'Male', '5/29/1954', '74 Hazelcrest Trail', '734-248-4643');
insert into Customer (CustomerID, Firstname, Lastname, email, Gender, Birthdate, Address, Phonenumber) values (134, 'Leonid', 'Crosi', 'lcrosi3p@google.ru', 'Male', '10/13/1969', '2350 Del Sol Drive', '283-136-2647');
insert into Customer (CustomerID, Firstname, Lastname, email, Gender, Birthdate, Address, Phonenumber) values (135, 'Loria', 'Valerius', 'lvalerius3q@issuu.com', 'Male', '1/31/2002', '29 Chinook Circle', '363-404-2244');
insert into Customer (CustomerID, Firstname, Lastname, email, Gender, Birthdate, Address, Phonenumber) values (136, 'Barton', 'Belfelt', 'bbelfelt3r@ameblo.jp', 'Female', '2/13/1994', '97 Sycamore Park', '562-127-6562');
insert into Customer (CustomerID, Firstname, Lastname, email, Gender, Birthdate, Address, Phonenumber) values (137, 'Andi', 'Filyaev', 'afilyaev3s@usatoday.com', 'Male', '9/9/1979', '166 Michigan Terrace', '307-406-2563');
insert into Customer (CustomerID, Firstname, Lastname, email, Gender, Birthdate, Address, Phonenumber) values (138, 'Vi', 'Balderstone', 'vbalderstone3t@arstechnica.com', 'Male', '11/7/1974', '64361 5th Lane', '432-626-5077');
insert into Customer (CustomerID, Firstname, Lastname, email, Gender, Birthdate, Address, Phonenumber) values (139, 'Stoddard', 'Kiebes', 'skiebes3u@amazon.co.jp', 'Female', '10/3/1976', '4 Burrows Terrace', '271-132-8696');
insert into Customer (CustomerID, Firstname, Lastname, email, Gender, Birthdate, Address, Phonenumber) values (140, 'Ashley', 'Teenan', 'ateenan3v@amazonaws.com', 'Male', '3/27/1955', '57 Mccormick Lane', '720-935-8449');
insert into Customer (CustomerID, Firstname, Lastname, email, Gender, Birthdate, Address, Phonenumber) values (141, 'Anestassia', 'D''Alessio', 'adalessio3w@yellowbook.com', 'Female', '9/2/1944', '2 Northwestern Alley', '683-977-5702');
insert into Customer (CustomerID, Firstname, Lastname, email, Gender, Birthdate, Address, Phonenumber) values (142, 'Ruy', 'Treadgold', 'rtreadgold3x@amazon.co.jp', 'Female', '12/27/1952', '73734 Dunning Hill', '837-688-9594');
insert into Customer (CustomerID, Firstname, Lastname, email, Gender, Birthdate, Address, Phonenumber) values (143, 'Kayley', 'Hargrave', 'khargrave3y@plala.or.jp', 'Female', '7/8/1961', '9774 Muir Parkway', '835-526-7182');
insert into Customer (CustomerID, Firstname, Lastname, email, Gender, Birthdate, Address, Phonenumber) values (144, 'Miner', 'Errol', 'merrol3z@sbwire.com', 'Female', '11/27/1986', '3017 Carberry Parkway', '848-694-4548');
insert into Customer (CustomerID, Firstname, Lastname, email, Gender, Birthdate, Address, Phonenumber) values (145, 'Franny', 'Longwood', 'flongwood40@weather.com', 'Female', '2/20/1971', '2 Mifflin Point', '640-529-8955');
insert into Customer (CustomerID, Firstname, Lastname, email, Gender, Birthdate, Address, Phonenumber) values (146, 'Janean', 'Dibben', 'jdibben41@oakley.com', 'Male', '5/6/2004', '3647 Mariners Cove Place', '696-211-1813');
insert into Customer (CustomerID, Firstname, Lastname, email, Gender, Birthdate, Address, Phonenumber) values (147, 'Garwin', 'Sommersett', 'gsommersett42@omniture.com', 'Female', '4/29/2003', '1807 Oak Valley Place', '263-651-7998');
insert into Customer (CustomerID, Firstname, Lastname, email, Gender, Birthdate, Address, Phonenumber) values (148, 'Carilyn', 'Boyet', 'cboyet43@npr.org', 'Male', '2/28/1961', '56564 Gerald Place', '975-781-2049');
insert into Customer (CustomerID, Firstname, Lastname, email, Gender, Birthdate, Address, Phonenumber) values (149, 'Prentice', 'Thorby', 'pthorby44@msn.com', 'Male', '3/23/2002', '53 Village Terrace', '926-159-3147');
insert into Customer (CustomerID, Firstname, Lastname, email, Gender, Birthdate, Address, Phonenumber) values (150, 'Constantino', 'Fellows', 'cfellows45@cbslocal.com', 'Male', '4/18/1995', '6068 Golf View Hill', '707-550-4782');

insert into BankAccount (Accountnumber, sortcode, Accounttype, CustomerID) values (1292716, '12-34-56', 'Current', '97');
insert into BankAccount (Accountnumber, sortcode, Accounttype, CustomerID) values (5523663, '23-45-67', 'Savings', '37');
insert into BankAccount (Accountnumber, sortcode, Accounttype, CustomerID) values (2355655, '23-45-67', 'Current', '100');
insert into BankAccount (Accountnumber, sortcode, Accounttype, CustomerID) values (2781945, '34-56-78', 'Current', '72');
insert into BankAccount (Accountnumber, sortcode, Accounttype, CustomerID) values (1037673, '23-45-67', 'Savings', '60');
insert into BankAccount (Accountnumber, sortcode, Accounttype, CustomerID) values (4749998, '34-56-78', 'Current', '80');
insert into BankAccount (Accountnumber, sortcode, Accounttype, CustomerID) values (7348701, '23-45-67', 'Current', '135');
insert into BankAccount (Accountnumber, sortcode, Accounttype, CustomerID) values (2085833, '56-78-90', 'Savings', '32');
insert into BankAccount (Accountnumber, sortcode, Accounttype, CustomerID) values (1379670, '45-67-89', 'Current', '91');
insert into BankAccount (Accountnumber, sortcode, Accounttype, CustomerID) values (9636220, '12-34-56', 'Savings', '147');
insert into BankAccount (Accountnumber, sortcode, Accounttype, CustomerID) values (3715538, '45-67-89', 'Current', '35');
insert into BankAccount (Accountnumber, sortcode, Accounttype, CustomerID) values (9439982, '23-45-67', 'Current', '10');
insert into BankAccount (Accountnumber, sortcode, Accounttype, CustomerID) values (5654863, '23-45-67', 'Current', '6');
insert into BankAccount (Accountnumber, sortcode, Accounttype, CustomerID) values (7464341, '45-67-89', 'Savings', '98');
insert into BankAccount (Accountnumber, sortcode, Accounttype, CustomerID) values (8675637, '56-78-90', 'Savings', '127');
insert into BankAccount (Accountnumber, sortcode, Accounttype, CustomerID) values (3918093, '45-67-89', 'Current', '94');
insert into BankAccount (Accountnumber, sortcode, Accounttype, CustomerID) values (5894991, '45-67-89', 'Savings', '119');
insert into BankAccount (Accountnumber, sortcode, Accounttype, CustomerID) values (5058496, '56-78-90', 'Current', '58');
insert into BankAccount (Accountnumber, sortcode, Accounttype, CustomerID) values (9198889, '45-67-89', 'Savings', '134');
insert into BankAccount (Accountnumber, sortcode, Accounttype, CustomerID) values (1554059, '45-67-89', 'Current', '19');
insert into BankAccount (Accountnumber, sortcode, Accounttype, CustomerID) values (5457421, '34-56-78', 'Savings', '45');
insert into BankAccount (Accountnumber, sortcode, Accounttype, CustomerID) values (4387758, '34-56-78', 'Current', '117');
insert into BankAccount (Accountnumber, sortcode, Accounttype, CustomerID) values (3653568, '45-67-89', 'Savings', '129');
insert into BankAccount (Accountnumber, sortcode, Accounttype, CustomerID) values (9316205, '23-45-67', 'Savings', '131');
insert into BankAccount (Accountnumber, sortcode, Accounttype, CustomerID) values (7305254, '34-56-78', 'Current', '4');
insert into BankAccount (Accountnumber, sortcode, Accounttype, CustomerID) values (2211915, '23-45-67', 'Current', '136');
insert into BankAccount (Accountnumber, sortcode, Accounttype, CustomerID) values (1052370, '12-34-56', 'Savings', '79');
insert into BankAccount (Accountnumber, sortcode, Accounttype, CustomerID) values (7814855, '34-56-78', 'Current', '1');
insert into BankAccount (Accountnumber, sortcode, Accounttype, CustomerID) values (7216062, '56-78-90', 'Savings', '16');
insert into BankAccount (Accountnumber, sortcode, Accounttype, CustomerID) values (9586287, '56-78-90', 'Savings', '53');
insert into BankAccount (Accountnumber, sortcode, Accounttype, CustomerID) values (9739640, '56-78-90', 'Savings', '29');
insert into BankAccount (Accountnumber, sortcode, Accounttype, CustomerID) values (9977323, '12-34-56', 'Savings', '13');
insert into BankAccount (Accountnumber, sortcode, Accounttype, CustomerID) values (5567469, '45-67-89', 'Current', '120');
insert into BankAccount (Accountnumber, sortcode, Accounttype, CustomerID) values (8157891, '34-56-78', 'Current', '85');
insert into BankAccount (Accountnumber, sortcode, Accounttype, CustomerID) values (2354777, '12-34-56', 'Savings', '81');
insert into BankAccount (Accountnumber, sortcode, Accounttype, CustomerID) values (1812324, '12-34-56', 'Current', '140');
insert into BankAccount (Accountnumber, sortcode, Accounttype, CustomerID) values (7482557, '45-67-89', 'Current', '132');
insert into BankAccount (Accountnumber, sortcode, Accounttype, CustomerID) values (343837, '56-78-90', 'Savings', '22');
insert into BankAccount (Accountnumber, sortcode, Accounttype, CustomerID) values (9041907, '12-34-56', 'Savings', '112');
insert into BankAccount (Accountnumber, sortcode, Accounttype, CustomerID) values (4627741, '23-45-67', 'Current', '39');
insert into BankAccount (Accountnumber, sortcode, Accounttype, CustomerID) values (8568302, '12-34-56', 'Current', '20');
insert into BankAccount (Accountnumber, sortcode, Accounttype, CustomerID) values (2063546, '23-45-67', 'Savings', '73');
insert into BankAccount (Accountnumber, sortcode, Accounttype, CustomerID) values (2537491, '56-78-90', 'Savings', '46');
insert into BankAccount (Accountnumber, sortcode, Accounttype, CustomerID) values (1361254, '56-78-90', 'Current', '5');
insert into BankAccount (Accountnumber, sortcode, Accounttype, CustomerID) values (1005465, '23-45-67', 'Current', '78');
insert into BankAccount (Accountnumber, sortcode, Accounttype, CustomerID) values (1006502, '56-78-90', 'Savings', '116');
insert into BankAccount (Accountnumber, sortcode, Accounttype, CustomerID) values (1992421, '12-34-56', 'Savings', '139');
insert into BankAccount (Accountnumber, sortcode, Accounttype, CustomerID) values (9171157, '56-78-90', 'Current', '108');
insert into BankAccount (Accountnumber, sortcode, Accounttype, CustomerID) values (8871794, '23-45-67', 'Savings', '103');
insert into BankAccount (Accountnumber, sortcode, Accounttype, CustomerID) values (1700117, '23-45-67', 'Savings', '23');
insert into BankAccount (Accountnumber, sortcode, Accounttype, CustomerID) values (4980536, '45-67-89', 'Current', '115');
insert into BankAccount (Accountnumber, sortcode, Accounttype, CustomerID) values (4007819, '34-56-78', 'Current', '62');
insert into BankAccount (Accountnumber, sortcode, Accounttype, CustomerID) values (2550688, '56-78-90', 'Current', '63');
insert into BankAccount (Accountnumber, sortcode, Accounttype, CustomerID) values (8755820, '12-34-56', 'Savings', '121');
insert into BankAccount (Accountnumber, sortcode, Accounttype, CustomerID) values (864345, '45-67-89', 'Current', '82');
insert into BankAccount (Accountnumber, sortcode, Accounttype, CustomerID) values (89189, '45-67-89', 'Current', '113');
insert into BankAccount (Accountnumber, sortcode, Accounttype, CustomerID) values (7843043, '12-34-56', 'Savings', '93');
insert into BankAccount (Accountnumber, sortcode, Accounttype, CustomerID) values (9790870, '23-45-67', 'Savings', '133');
insert into BankAccount (Accountnumber, sortcode, Accounttype, CustomerID) values (4441834, '45-67-89', 'Current', '148');
insert into BankAccount (Accountnumber, sortcode, Accounttype, CustomerID) values (9471223, '23-45-67', 'Current', '137');
insert into BankAccount (Accountnumber, sortcode, Accounttype, CustomerID) values (6223697, '34-56-78', 'Current', '86');
insert into BankAccount (Accountnumber, sortcode, Accounttype, CustomerID) values (1060279, '12-34-56', 'Current', '83');
insert into BankAccount (Accountnumber, sortcode, Accounttype, CustomerID) values (6820460, '34-56-78', 'Current', '15');
insert into BankAccount (Accountnumber, sortcode, Accounttype, CustomerID) values (7769050, '45-67-89', 'Savings', '125');
insert into BankAccount (Accountnumber, sortcode, Accounttype, CustomerID) values (9591091, '56-78-90', 'Current', '31');
insert into BankAccount (Accountnumber, sortcode, Accounttype, CustomerID) values (3369437, '23-45-67', 'Savings', '128');
insert into BankAccount (Accountnumber, sortcode, Accounttype, CustomerID) values (5968031, '45-67-89', 'Savings', '69');
insert into BankAccount (Accountnumber, sortcode, Accounttype, CustomerID) values (7565915, '56-78-90', 'Current', '126');
insert into BankAccount (Accountnumber, sortcode, Accounttype, CustomerID) values (705275, '12-34-56', 'Savings', '68');
insert into BankAccount (Accountnumber, sortcode, Accounttype, CustomerID) values (7257375, '45-67-89', 'Current', '74');
insert into BankAccount (Accountnumber, sortcode, Accounttype, CustomerID) values (4096089, '23-45-67', 'Savings', '43');
insert into BankAccount (Accountnumber, sortcode, Accounttype, CustomerID) values (6704352, '34-56-78', 'Current', '12');
insert into BankAccount (Accountnumber, sortcode, Accounttype, CustomerID) values (5605286, '23-45-67', 'Current', '28');
insert into BankAccount (Accountnumber, sortcode, Accounttype, CustomerID) values (8815158, '23-45-67', 'Savings', '70');
insert into BankAccount (Accountnumber, sortcode, Accounttype, CustomerID) values (2541358, '34-56-78', 'Current', '99');
insert into BankAccount (Accountnumber, sortcode, Accounttype, CustomerID) values (7793297, '56-78-90', 'Savings', '17');
insert into BankAccount (Accountnumber, sortcode, Accounttype, CustomerID) values (6533296, '34-56-78', 'Current', '67');
insert into BankAccount (Accountnumber, sortcode, Accounttype, CustomerID) values (4570517, '12-34-56', 'Current', '110');
insert into BankAccount (Accountnumber, sortcode, Accounttype, CustomerID) values (4390183, '45-67-89', 'Savings', '95');
insert into BankAccount (Accountnumber, sortcode, Accounttype, CustomerID) values (9923822, '12-34-56', 'Current', '54');
insert into BankAccount (Accountnumber, sortcode, Accounttype, CustomerID) values (3955907, '23-45-67', 'Current', '142');
insert into BankAccount (Accountnumber, sortcode, Accounttype, CustomerID) values (1039897, '23-45-67', 'Current', '11');
insert into BankAccount (Accountnumber, sortcode, Accounttype, CustomerID) values (6593402, '34-56-78', 'Current', '143');
insert into BankAccount (Accountnumber, sortcode, Accounttype, CustomerID) values (2500372, '34-56-78', 'Savings', '59');
insert into BankAccount (Accountnumber, sortcode, Accounttype, CustomerID) values (400835, '34-56-78', 'Savings', '7');
insert into BankAccount (Accountnumber, sortcode, Accounttype, CustomerID) values (9765352, '34-56-78', 'Savings', '26');
insert into BankAccount (Accountnumber, sortcode, Accounttype, CustomerID) values (6581874, '56-78-90', 'Savings', '25');
insert into BankAccount (Accountnumber, sortcode, Accounttype, CustomerID) values (889309, '34-56-78', 'Current', '30');
insert into BankAccount (Accountnumber, sortcode, Accounttype, CustomerID) values (6022836, '45-67-89', 'Current', '124');
insert into BankAccount (Accountnumber, sortcode, Accounttype, CustomerID) values (2964882, '34-56-78', 'Current', '109');
insert into BankAccount (Accountnumber, sortcode, Accounttype, CustomerID) values (2386061, '12-34-56', 'Savings', '122');
insert into BankAccount (Accountnumber, sortcode, Accounttype, CustomerID) values (3185641, '45-67-89', 'Savings', '21');
insert into BankAccount (Accountnumber, sortcode, Accounttype, CustomerID) values (7152300, '23-45-67', 'Current', '138');
insert into BankAccount (Accountnumber, sortcode, Accounttype, CustomerID) values (1756521, '45-67-89', 'Savings', '75');
insert into BankAccount (Accountnumber, sortcode, Accounttype, CustomerID) values (6088181, '56-78-90', 'Current', '118');
insert into BankAccount (Accountnumber, sortcode, Accounttype, CustomerID) values (547248, '56-78-90', 'Current', '36');
insert into BankAccount (Accountnumber, sortcode, Accounttype, CustomerID) values (2362569, '23-45-67', 'Current', '33');
insert into BankAccount (Accountnumber, sortcode, Accounttype, CustomerID) values (4414463, '12-34-56', 'Current', '49');
insert into BankAccount (Accountnumber, sortcode, Accounttype, CustomerID) values (6442646, '12-34-56', 'Savings', '41');
insert into BankAccount (Accountnumber, sortcode, Accounttype, CustomerID) values (736739, '56-78-90', 'Current', '34');
insert into BankAccount (Accountnumber, sortcode, Accounttype, CustomerID) values (2011898, '23-45-67', 'Savings', '66');
insert into BankAccount (Accountnumber, sortcode, Accounttype, CustomerID) values (5080494, '45-67-89', 'Current', '76');
insert into BankAccount (Accountnumber, sortcode, Accounttype, CustomerID) values (7011331, '45-67-89', 'Savings', '145');
insert into BankAccount (Accountnumber, sortcode, Accounttype, CustomerID) values (3760988, '45-67-89', 'Savings', '114');
insert into BankAccount (Accountnumber, sortcode, Accounttype, CustomerID) values (7659457, '56-78-90', 'Current', '105');
insert into BankAccount (Accountnumber, sortcode, Accounttype, CustomerID) values (9546611, '34-56-78', 'Savings', '104');
insert into BankAccount (Accountnumber, sortcode, Accounttype, CustomerID) values (6931425, '12-34-56', 'Current', '101');
insert into BankAccount (Accountnumber, sortcode, Accounttype, CustomerID) values (6904879, '45-67-89', 'Current', '56');
insert into BankAccount (Accountnumber, sortcode, Accounttype, CustomerID) values (2635767, '56-78-90', 'Savings', '130');
insert into BankAccount (Accountnumber, sortcode, Accounttype, CustomerID) values (3139857, '23-45-67', 'Current', '3');
insert into BankAccount (Accountnumber, sortcode, Accounttype, CustomerID) values (7281653, '34-56-78', 'Savings', '38');
insert into BankAccount (Accountnumber, sortcode, Accounttype, CustomerID) values (143863, '45-67-89', 'Savings', '42');
insert into BankAccount (Accountnumber, sortcode, Accounttype, CustomerID) values (7863606, '12-34-56', 'Savings', '24');
insert into BankAccount (Accountnumber, sortcode, Accounttype, CustomerID) values (6516838, '45-67-89', 'Current', '65');
insert into BankAccount (Accountnumber, sortcode, Accounttype, CustomerID) values (5906627, '56-78-90', 'Current', '84');
insert into BankAccount (Accountnumber, sortcode, Accounttype, CustomerID) values (8100942, '45-67-89', 'Savings', '123');
insert into BankAccount (Accountnumber, sortcode, Accounttype, CustomerID) values (5549193, '56-78-90', 'Current', '47');
insert into BankAccount (Accountnumber, sortcode, Accounttype, CustomerID) values (1046821, '34-56-78', 'Savings', '18');
insert into BankAccount (Accountnumber, sortcode, Accounttype, CustomerID) values (4494938, '23-45-67', 'Current', '61');
insert into BankAccount (Accountnumber, sortcode, Accounttype, CustomerID) values (5560906, '34-56-78', 'Current', '106');
insert into BankAccount (Accountnumber, sortcode, Accounttype, CustomerID) values (1372154, '45-67-89', 'Savings', '146');
insert into BankAccount (Accountnumber, sortcode, Accounttype, CustomerID) values (9389134, '56-78-90', 'Savings', '57');
insert into BankAccount (Accountnumber, sortcode, Accounttype, CustomerID) values (1577145, '34-56-78', 'Savings', '89');
insert into BankAccount (Accountnumber, sortcode, Accounttype, CustomerID) values (9998317, '45-67-89', 'Current', '64');
insert into BankAccount (Accountnumber, sortcode, Accounttype, CustomerID) values (9574870, '45-67-89', 'Savings', '144');
insert into BankAccount (Accountnumber, sortcode, Accounttype, CustomerID) values (4960744, '12-34-56', 'Savings', '107');
insert into BankAccount (Accountnumber, sortcode, Accounttype, CustomerID) values (4752800, '34-56-78', 'Current', '27');
insert into BankAccount (Accountnumber, sortcode, Accounttype, CustomerID) values (9698380, '56-78-90', 'Savings', '150');
insert into BankAccount (Accountnumber, sortcode, Accounttype, CustomerID) values (210555, '12-34-56', 'Savings', '2');
insert into BankAccount (Accountnumber, sortcode, Accounttype, CustomerID) values (8209431, '34-56-78', 'Current', '8');
insert into BankAccount (Accountnumber, sortcode, Accounttype, CustomerID) values (2297752, '23-45-67', 'Savings', '92');
insert into BankAccount (Accountnumber, sortcode, Accounttype, CustomerID) values (8497773, '45-67-89', 'Savings', '87');
insert into BankAccount (Accountnumber, sortcode, Accounttype, CustomerID) values (8283274, '34-56-78', 'Current', '141');
insert into BankAccount (Accountnumber, sortcode, Accounttype, CustomerID) values (6190341, '23-45-67', 'Current', '40');
insert into BankAccount (Accountnumber, sortcode, Accounttype, CustomerID) values (4527831, '34-56-78', 'Current', '44');
insert into BankAccount (Accountnumber, sortcode, Accounttype, CustomerID) values (7775750, '45-67-89', 'Current', '55');
insert into BankAccount (Accountnumber, sortcode, Accounttype, CustomerID) values (8720283, '23-45-67', 'Current', '102');
insert into BankAccount (Accountnumber, sortcode, Accounttype, CustomerID) values (1145614, '56-78-90', 'Current', '51');
insert into BankAccount (Accountnumber, sortcode, Accounttype, CustomerID) values (6068818, '34-56-78', 'Current', '52');
insert into BankAccount (Accountnumber, sortcode, Accounttype, CustomerID) values (891412, '12-34-56', 'Savings', '71');
insert into BankAccount (Accountnumber, sortcode, Accounttype, CustomerID) values (2671832, '45-67-89', 'Savings', '50');
insert into BankAccount (Accountnumber, sortcode, Accounttype, CustomerID) values (7980972, '12-34-56', 'Current', '111');
insert into BankAccount (Accountnumber, sortcode, Accounttype, CustomerID) values (4074998, '56-78-90', 'Current', '9');
insert into BankAccount (Accountnumber, sortcode, Accounttype, CustomerID) values (942466, '12-34-56', 'Current', '14');
insert into BankAccount (Accountnumber, sortcode, Accounttype, CustomerID) values (1049604, '34-56-78', 'Savings', '96');
insert into BankAccount (Accountnumber, sortcode, Accounttype, CustomerID) values (4483944, '56-78-90', 'Savings', '77');
insert into BankAccount (Accountnumber, sortcode, Accounttype, CustomerID) values (5064870, '56-78-90', 'Savings', '88');
insert into BankAccount (Accountnumber, sortcode, Accounttype, CustomerID) values (2389140, '12-34-56', 'Savings', '66');
insert into BankAccount (Accountnumber, sortcode, Accounttype, CustomerID) values (9807097, '45-67-89', 'Savings', '62');
insert into BankAccount (Accountnumber, sortcode, Accounttype, CustomerID) values (9724976, '12-34-56', 'Savings', '144');

insert into Account_balance (BalanceID, Balance, Balancedate, Accountnumber) values (1, 131.09, '2022-05-16', '7277150');
insert into Account_balance (BalanceID, Balance, Balancedate, Accountnumber) values (2, 5002.62, '2019-11-01', '2104277');
insert into Account_balance (BalanceID, Balance, Balancedate, Accountnumber) values (3, 8736.57, '2022-08-09', '3135976');
insert into Account_balance (BalanceID, Balance, Balancedate, Accountnumber) values (4, 4299.01, '2019-05-03', '5386242');
insert into Account_balance (BalanceID, Balance, Balancedate, Accountnumber) values (5, 1357.7, '2022-04-25', '1355946');
insert into Account_balance (BalanceID, Balance, Balancedate, Accountnumber) values (6, 5607.83, '2019-07-26', '5433753');
insert into Account_balance (BalanceID, Balance, Balancedate, Accountnumber) values (7, 764.62, '2022-08-16', '6543315');
insert into Account_balance (BalanceID, Balance, Balancedate, Accountnumber) values (8, 5044.59, '2021-10-24', '517392');
insert into Account_balance (BalanceID, Balance, Balancedate, Accountnumber) values (9, 7756.09, '2020-10-01', '5165894');
insert into Account_balance (BalanceID, Balance, Balancedate, Accountnumber) values (10, 9222.6, '2022-05-16', '1716178');
insert into Account_balance (BalanceID, Balance, Balancedate, Accountnumber) values (11, 3570.85, '2020-07-29', '2530226');
insert into Account_balance (BalanceID, Balance, Balancedate, Accountnumber) values (12, 1908.42, '2023-02-27', '2758495');
insert into Account_balance (BalanceID, Balance, Balancedate, Accountnumber) values (13, 2123.76, '2022-06-24', '3790509');
insert into Account_balance (BalanceID, Balance, Balancedate, Accountnumber) values (14, 7003.09, '2023-02-27', '2144190');
insert into Account_balance (BalanceID, Balance, Balancedate, Accountnumber) values (15, 4539.89, '2022-01-16', '5829432');
insert into Account_balance (BalanceID, Balance, Balancedate, Accountnumber) values (16, 2490.89, '2022-05-18', '2078936');
insert into Account_balance (BalanceID, Balance, Balancedate, Accountnumber) values (17, 8517.43, '2020-08-31', '4914452');
insert into Account_balance (BalanceID, Balance, Balancedate, Accountnumber) values (18, 8444.29, '2022-12-23', '1842636');
insert into Account_balance (BalanceID, Balance, Balancedate, Accountnumber) values (19, 2486.87, '2020-01-12', '1907737');
insert into Account_balance (BalanceID, Balance, Balancedate, Accountnumber) values (20, 498.4, '2021-02-17', '719844');
insert into Account_balance (BalanceID, Balance, Balancedate, Accountnumber) values (21, 1419.36, '2020-04-05', '1236923');
insert into Account_balance (BalanceID, Balance, Balancedate, Accountnumber) values (22, 7581.39, '2021-03-20', '985728');
insert into Account_balance (BalanceID, Balance, Balancedate, Accountnumber) values (23, 2027.28, '2023-04-16', '280106');
insert into Account_balance (BalanceID, Balance, Balancedate, Accountnumber) values (24, 9413.32, '2021-11-23', '7071724');
insert into Account_balance (BalanceID, Balance, Balancedate, Accountnumber) values (25, 299.65, '2020-07-16', '8036898');
insert into Account_balance (BalanceID, Balance, Balancedate, Accountnumber) values (26, 8935.69, '2022-08-23', '8473890');
insert into Account_balance (BalanceID, Balance, Balancedate, Accountnumber) values (27, 5024.77, '2022-11-28', '9906657');
insert into Account_balance (BalanceID, Balance, Balancedate, Accountnumber) values (28, 9424.16, '2019-09-17', '3470121');
insert into Account_balance (BalanceID, Balance, Balancedate, Accountnumber) values (29, 5969.9, '2019-07-06', '2139883');
insert into Account_balance (BalanceID, Balance, Balancedate, Accountnumber) values (30, 2307.13, '2019-09-24', '4645373');
insert into Account_balance (BalanceID, Balance, Balancedate, Accountnumber) values (31, 7795.73, '2023-02-27', '3567893');
insert into Account_balance (BalanceID, Balance, Balancedate, Accountnumber) values (32, 9853.19, '2023-02-12', '9988825');
insert into Account_balance (BalanceID, Balance, Balancedate, Accountnumber) values (33, 6485.18, '2023-04-28', '1552128');
insert into Account_balance (BalanceID, Balance, Balancedate, Accountnumber) values (34, 4735.44, '2022-11-30', '4015882');
insert into Account_balance (BalanceID, Balance, Balancedate, Accountnumber) values (35, 3415.34, '2019-08-28', '6811852');
insert into Account_balance (BalanceID, Balance, Balancedate, Accountnumber) values (36, 34.21, '2022-01-17', '5950445');
insert into Account_balance (BalanceID, Balance, Balancedate, Accountnumber) values (37, 6386.11, '2019-06-10', '7591751');
insert into Account_balance (BalanceID, Balance, Balancedate, Accountnumber) values (38, 6775.01, '2021-12-22', '8833174');
insert into Account_balance (BalanceID, Balance, Balancedate, Accountnumber) values (39, 5143.0, '2022-04-06', '3660164');
insert into Account_balance (BalanceID, Balance, Balancedate, Accountnumber) values (40, 1870.52, '2021-11-19', '5859635');
insert into Account_balance (BalanceID, Balance, Balancedate, Accountnumber) values (41, 1711.3, '2022-09-09', '3548174');
insert into Account_balance (BalanceID, Balance, Balancedate, Accountnumber) values (42, 7133.4, '2022-04-18', '4227922');
insert into Account_balance (BalanceID, Balance, Balancedate, Accountnumber) values (43, 6111.4, '2022-12-14', '9450635');
insert into Account_balance (BalanceID, Balance, Balancedate, Accountnumber) values (44, 1555.02, '2021-06-27', '4319843');
insert into Account_balance (BalanceID, Balance, Balancedate, Accountnumber) values (45, 5404.24, '2019-11-04', '7069636');
insert into Account_balance (BalanceID, Balance, Balancedate, Accountnumber) values (46, 6707.62, '2021-04-20', '7093207');
insert into Account_balance (BalanceID, Balance, Balancedate, Accountnumber) values (47, 9031.7, '2020-03-19', '62349');
insert into Account_balance (BalanceID, Balance, Balancedate, Accountnumber) values (48, 3523.11, '2019-09-05', '2030042');
insert into Account_balance (BalanceID, Balance, Balancedate, Accountnumber) values (49, 8809.52, '2019-09-17', '5599036');
insert into Account_balance (BalanceID, Balance, Balancedate, Accountnumber) values (50, 9455.67, '2021-08-30', '3427104');
insert into Account_balance (BalanceID, Balance, Balancedate, Accountnumber) values (51, 46.68, '2021-05-02', '9960559');
insert into Account_balance (BalanceID, Balance, Balancedate, Accountnumber) values (52, 2003.28, '2019-06-22', '1707016');
insert into Account_balance (BalanceID, Balance, Balancedate, Accountnumber) values (53, 437.18, '2022-02-25', '5262002');
insert into Account_balance (BalanceID, Balance, Balancedate, Accountnumber) values (54, 1514.86, '2022-12-08', '9227228');
insert into Account_balance (BalanceID, Balance, Balancedate, Accountnumber) values (55, 531.94, '2021-01-24', '9189781');
insert into Account_balance (BalanceID, Balance, Balancedate, Accountnumber) values (56, 6747.57, '2021-06-16', '724720');
insert into Account_balance (BalanceID, Balance, Balancedate, Accountnumber) values (57, 5404.88, '2023-04-30', '4123883');
insert into Account_balance (BalanceID, Balance, Balancedate, Accountnumber) values (58, 4277.47, '2022-05-05', '2862353');
insert into Account_balance (BalanceID, Balance, Balancedate, Accountnumber) values (59, 4978.69, '2022-08-01', '1165107');
insert into Account_balance (BalanceID, Balance, Balancedate, Accountnumber) values (60, 5554.54, '2020-07-16', '7641054');
insert into Account_balance (BalanceID, Balance, Balancedate, Accountnumber) values (61, 8169.19, '2022-10-14', '5496663');
insert into Account_balance (BalanceID, Balance, Balancedate, Accountnumber) values (62, 543.07, '2020-03-01', '3206132');
insert into Account_balance (BalanceID, Balance, Balancedate, Accountnumber) values (63, 4263.05, '2022-03-25', '691075');
insert into Account_balance (BalanceID, Balance, Balancedate, Accountnumber) values (64, 8760.17, '2021-07-29', '1943335');
insert into Account_balance (BalanceID, Balance, Balancedate, Accountnumber) values (65, 7964.47, '2019-07-07', '2488982');
insert into Account_balance (BalanceID, Balance, Balancedate, Accountnumber) values (66, 2089.27, '2022-12-14', '488797');
insert into Account_balance (BalanceID, Balance, Balancedate, Accountnumber) values (67, 5631.13, '2020-04-22', '3880653');
insert into Account_balance (BalanceID, Balance, Balancedate, Accountnumber) values (68, 1813.9, '2019-12-23', '3488361');
insert into Account_balance (BalanceID, Balance, Balancedate, Accountnumber) values (69, 6700.46, '2020-11-16', '8159424');
insert into Account_balance (BalanceID, Balance, Balancedate, Accountnumber) values (70, 4765.15, '2020-04-11', '9139858');
insert into Account_balance (BalanceID, Balance, Balancedate, Accountnumber) values (71, 2837.82, '2021-07-20', '9060543');
insert into Account_balance (BalanceID, Balance, Balancedate, Accountnumber) values (72, 7199.58, '2019-10-01', '7427544');
insert into Account_balance (BalanceID, Balance, Balancedate, Accountnumber) values (73, 3638.19, '2020-09-12', '1339870');
insert into Account_balance (BalanceID, Balance, Balancedate, Accountnumber) values (74, 4488.96, '2021-04-02', '5130753');
insert into Account_balance (BalanceID, Balance, Balancedate, Accountnumber) values (75, 9726.59, '2021-05-28', '3835371');
insert into Account_balance (BalanceID, Balance, Balancedate, Accountnumber) values (76, 6183.17, '2020-10-05', '3769911');
insert into Account_balance (BalanceID, Balance, Balancedate, Accountnumber) values (77, 9908.47, '2022-03-31', '8231294');
insert into Account_balance (BalanceID, Balance, Balancedate, Accountnumber) values (78, 549.43, '2022-04-06', '9713200');
insert into Account_balance (BalanceID, Balance, Balancedate, Accountnumber) values (79, 3594.4, '2019-10-09', '5476035');
insert into Account_balance (BalanceID, Balance, Balancedate, Accountnumber) values (80, 6655.95, '2021-11-12', '9531904');
insert into Account_balance (BalanceID, Balance, Balancedate, Accountnumber) values (81, 2553.82, '2022-10-14', '1052590');
insert into Account_balance (BalanceID, Balance, Balancedate, Accountnumber) values (82, 7257.15, '2022-01-22', '5914278');
insert into Account_balance (BalanceID, Balance, Balancedate, Accountnumber) values (83, 3553.82, '2019-05-22', '8042315');
insert into Account_balance (BalanceID, Balance, Balancedate, Accountnumber) values (84, 5756.58, '2023-03-09', '6974503');
insert into Account_balance (BalanceID, Balance, Balancedate, Accountnumber) values (85, 456.28, '2022-02-20', '7958827');
insert into Account_balance (BalanceID, Balance, Balancedate, Accountnumber) values (86, 4070.49, '2020-01-02', '6214446');
insert into Account_balance (BalanceID, Balance, Balancedate, Accountnumber) values (87, 3433.46, '2020-03-28', '6657264');
insert into Account_balance (BalanceID, Balance, Balancedate, Accountnumber) values (88, 2567.36, '2019-07-05', '648807');
insert into Account_balance (BalanceID, Balance, Balancedate, Accountnumber) values (89, 8994.03, '2019-09-06', '7401617');
insert into Account_balance (BalanceID, Balance, Balancedate, Accountnumber) values (90, 15.42, '2022-12-29', '1658694');
insert into Account_balance (BalanceID, Balance, Balancedate, Accountnumber) values (91, 8421.39, '2021-01-08', '6227998');
insert into Account_balance (BalanceID, Balance, Balancedate, Accountnumber) values (92, 103.6, '2020-07-24', '5515161');
insert into Account_balance (BalanceID, Balance, Balancedate, Accountnumber) values (93, 7795.7, '2022-11-17', '9326350');
insert into Account_balance (BalanceID, Balance, Balancedate, Accountnumber) values (94, 9321.85, '2020-11-24', '833464');
insert into Account_balance (BalanceID, Balance, Balancedate, Accountnumber) values (95, 9615.32, '2023-01-02', '1792827');
insert into Account_balance (BalanceID, Balance, Balancedate, Accountnumber) values (96, 3903.12, '2020-01-28', '7138748');
insert into Account_balance (BalanceID, Balance, Balancedate, Accountnumber) values (97, 3213.91, '2021-12-31', '2855475');
insert into Account_balance (BalanceID, Balance, Balancedate, Accountnumber) values (98, 505.2, '2020-01-20', '5904232');
insert into Account_balance (BalanceID, Balance, Balancedate, Accountnumber) values (99, 7727.16, '2020-12-12', '6897996');
insert into Account_balance (BalanceID, Balance, Balancedate, Accountnumber) values (100, 5048.5, '2020-03-08', '3487509');
insert into Account_balance (BalanceID, Balance, Balancedate, Accountnumber) values (101, 9977.25, '2022-07-30', '1074315');
insert into Account_balance (BalanceID, Balance, Balancedate, Accountnumber) values (102, 1122.08, '2020-05-05', '1279461');
insert into Account_balance (BalanceID, Balance, Balancedate, Accountnumber) values (103, 7997.88, '2020-09-30', '5052619');
insert into Account_balance (BalanceID, Balance, Balancedate, Accountnumber) values (104, 9038.94, '2022-11-28', '2222209');
insert into Account_balance (BalanceID, Balance, Balancedate, Accountnumber) values (105, 3384.38, '2021-08-20', '9246521');
insert into Account_balance (BalanceID, Balance, Balancedate, Accountnumber) values (106, 1886.39, '2020-10-14', '220005');
insert into Account_balance (BalanceID, Balance, Balancedate, Accountnumber) values (107, 3692.6, '2021-12-24', '3140771');
insert into Account_balance (BalanceID, Balance, Balancedate, Accountnumber) values (108, 3125.23, '2021-09-03', '3348347');
insert into Account_balance (BalanceID, Balance, Balancedate, Accountnumber) values (109, 4354.03, '2021-12-26', '8373867');
insert into Account_balance (BalanceID, Balance, Balancedate, Accountnumber) values (110, 6271.95, '2022-08-12', '608399');
insert into Account_balance (BalanceID, Balance, Balancedate, Accountnumber) values (111, 981.72, '2019-07-08', '2902561');
insert into Account_balance (BalanceID, Balance, Balancedate, Accountnumber) values (112, 1979.22, '2020-09-13', '5271320');
insert into Account_balance (BalanceID, Balance, Balancedate, Accountnumber) values (113, 8535.67, '2020-09-26', '1741836');
insert into Account_balance (BalanceID, Balance, Balancedate, Accountnumber) values (114, 4530.56, '2020-08-12', '777019');
insert into Account_balance (BalanceID, Balance, Balancedate, Accountnumber) values (115, 5611.67, '2022-06-20', '2185514');
insert into Account_balance (BalanceID, Balance, Balancedate, Accountnumber) values (116, 7618.08, '2022-08-01', '6927962');
insert into Account_balance (BalanceID, Balance, Balancedate, Accountnumber) values (117, 9086.46, '2022-03-22', '2270502');
insert into Account_balance (BalanceID, Balance, Balancedate, Accountnumber) values (118, 3723.87, '2023-01-24', '8479297');
insert into Account_balance (BalanceID, Balance, Balancedate, Accountnumber) values (119, 5038.18, '2021-12-29', '9545988');
insert into Account_balance (BalanceID, Balance, Balancedate, Accountnumber) values (120, 2802.32, '2022-07-21', '1454477');
insert into Account_balance (BalanceID, Balance, Balancedate, Accountnumber) values (121, 2960.06, '2019-07-07', '7951377');
insert into Account_balance (BalanceID, Balance, Balancedate, Accountnumber) values (122, 1614.21, '2019-11-27', '613383');
insert into Account_balance (BalanceID, Balance, Balancedate, Accountnumber) values (123, 1776.84, '2022-12-29', '1860936');
insert into Account_balance (BalanceID, Balance, Balancedate, Accountnumber) values (124, 8257.16, '2022-04-25', '6547556');
insert into Account_balance (BalanceID, Balance, Balancedate, Accountnumber) values (125, 6293.71, '2022-01-08', '1350966');
insert into Account_balance (BalanceID, Balance, Balancedate, Accountnumber) values (126, 9874.56, '2021-10-30', '6438837');
insert into Account_balance (BalanceID, Balance, Balancedate, Accountnumber) values (127, 58.47, '2021-10-22', '6283288');
insert into Account_balance (BalanceID, Balance, Balancedate, Accountnumber) values (128, 1798.84, '2020-11-05', '8900910');
insert into Account_balance (BalanceID, Balance, Balancedate, Accountnumber) values (129, 4451.86, '2019-12-08', '4334926');
insert into Account_balance (BalanceID, Balance, Balancedate, Accountnumber) values (130, 451.37, '2022-03-13', '8950961');
insert into Account_balance (BalanceID, Balance, Balancedate, Accountnumber) values (131, 415.13, '2021-02-03', '2022966');
insert into Account_balance (BalanceID, Balance, Balancedate, Accountnumber) values (132, 4250.88, '2021-05-26', '9964953');
insert into Account_balance (BalanceID, Balance, Balancedate, Accountnumber) values (133, 3917.16, '2022-05-23', '2497676');
insert into Account_balance (BalanceID, Balance, Balancedate, Accountnumber) values (134, 4380.44, '2020-10-28', '5436549');
insert into Account_balance (BalanceID, Balance, Balancedate, Accountnumber) values (135, 6832.86, '2021-10-06', '7766374');
insert into Account_balance (BalanceID, Balance, Balancedate, Accountnumber) values (136, 5313.57, '2021-04-20', '2244787');
insert into Account_balance (BalanceID, Balance, Balancedate, Accountnumber) values (137, 7900.44, '2021-11-15', '1484588');
insert into Account_balance (BalanceID, Balance, Balancedate, Accountnumber) values (138, 8466.89, '2022-01-15', '9267217');
insert into Account_balance (BalanceID, Balance, Balancedate, Accountnumber) values (139, 8657.81, '2022-05-06', '157966');
insert into Account_balance (BalanceID, Balance, Balancedate, Accountnumber) values (140, 6081.44, '2020-02-16', '1291875');
insert into Account_balance (BalanceID, Balance, Balancedate, Accountnumber) values (141, 1063.23, '2021-04-16', '8988411');
insert into Account_balance (BalanceID, Balance, Balancedate, Accountnumber) values (142, 8770.31, '2019-08-30', '9596785');
insert into Account_balance (BalanceID, Balance, Balancedate, Accountnumber) values (143, 8426.86, '2022-11-28', '7781263');
insert into Account_balance (BalanceID, Balance, Balancedate, Accountnumber) values (144, 1176.85, '2021-03-08', '5212449');
insert into Account_balance (BalanceID, Balance, Balancedate, Accountnumber) values (145, 2370.65, '2022-11-27', '2758495');
insert into Account_balance (BalanceID, Balance, Balancedate, Accountnumber) values (146, 8333.7, '2023-02-06', '6811852');
insert into Account_balance (BalanceID, Balance, Balancedate, Accountnumber) values (147, 7847.45, '2021-05-06', '1339870');
insert into Account_balance (BalanceID, Balance, Balancedate, Accountnumber) values (148, 6922.32, '2019-08-27', '3548174');
insert into Account_balance (BalanceID, Balance, Balancedate, Accountnumber) values (149, 2556.63, '2022-11-08', '3470121');
insert into Account_balance (BalanceID, Balance, Balancedate, Accountnumber) values (150, 288.99, '2020-04-25', '5386242');

insert into PayeeList (PayeeaccountID, Sortcode, Payeename) values (11850012, '309-02-1359', 'Jessamyn Georgeou');
insert into PayeeList (PayeeaccountID, Sortcode, Payeename) values (19751719, '456-72-2821', 'Conan Collibear');
insert into PayeeList (PayeeaccountID, Sortcode, Payeename) values (40979677, '292-73-1657', 'Fawne Cundey');
insert into PayeeList (PayeeaccountID, Sortcode, Payeename) values (17391297, '204-03-1705', 'Heidi Caswall');
insert into PayeeList (PayeeaccountID, Sortcode, Payeename) values (600719, '405-99-9345', 'Rees Blaker');
insert into PayeeList (PayeeaccountID, Sortcode, Payeename) values (22110876, '215-19-7203', 'Virgil Frogley');
insert into PayeeList (PayeeaccountID, Sortcode, Payeename) values (23759412, '521-46-5912', 'Sophi McAughtrie');
insert into PayeeList (PayeeaccountID, Sortcode, Payeename) values (10923330, '587-91-4470', 'Loraine Krysiak');
insert into PayeeList (PayeeaccountID, Sortcode, Payeename) values (40418091, '254-14-8526', 'Pen Hexum');
insert into PayeeList (PayeeaccountID, Sortcode, Payeename) values (23522154, '544-88-2127', 'Hilde Folks');
insert into PayeeList (PayeeaccountID, Sortcode, Payeename) values (13791586, '323-42-2529', 'Bernette Roisen');
insert into PayeeList (PayeeaccountID, Sortcode, Payeename) values (6541442, '497-29-4599', 'Caesar Meiklem');
insert into PayeeList (PayeeaccountID, Sortcode, Payeename) values (24294529, '402-97-9680', 'Laurene Prium');
insert into PayeeList (PayeeaccountID, Sortcode, Payeename) values (36183748, '536-93-5325', 'Ulberto Latek');
insert into PayeeList (PayeeaccountID, Sortcode, Payeename) values (26499540, '313-40-3240', 'Gertrud Bemrose');
insert into PayeeList (PayeeaccountID, Sortcode, Payeename) values (7106496, '546-41-4268', 'Brunhilda Ordidge');
insert into PayeeList (PayeeaccountID, Sortcode, Payeename) values (46249501, '335-22-6987', 'Carmita O''Canavan');
insert into PayeeList (PayeeaccountID, Sortcode, Payeename) values (49159653, '158-85-7530', 'Orelle Fannin');
insert into PayeeList (PayeeaccountID, Sortcode, Payeename) values (7662058, '183-19-9402', 'Chaddie Chaters');
insert into PayeeList (PayeeaccountID, Sortcode, Payeename) values (16470929, '776-96-1459', 'Dianne Lilleycrop');
insert into PayeeList (PayeeaccountID, Sortcode, Payeename) values (12373978, '605-36-5941', 'Geno Keep');
insert into PayeeList (PayeeaccountID, Sortcode, Payeename) values (31024835, '171-57-6580', 'Piper Challener');
insert into PayeeList (PayeeaccountID, Sortcode, Payeename) values (21719884, '444-41-8899', 'Itch Housecroft');
insert into PayeeList (PayeeaccountID, Sortcode, Payeename) values (45576139, '785-58-4164', 'Randee Forgie');
insert into PayeeList (PayeeaccountID, Sortcode, Payeename) values (47559666, '394-31-2215', 'Gayler Rasell');
insert into PayeeList (PayeeaccountID, Sortcode, Payeename) values (28658063, '290-80-6658', 'Sephira Striker');
insert into PayeeList (PayeeaccountID, Sortcode, Payeename) values (24157964, '552-31-0279', 'Benn Hyslop');
insert into PayeeList (PayeeaccountID, Sortcode, Payeename) values (44831239, '318-80-9663', 'Dalli O'' Connell');
insert into PayeeList (PayeeaccountID, Sortcode, Payeename) values (8043850, '433-84-8461', 'Tulley Egel');
insert into PayeeList (PayeeaccountID, Sortcode, Payeename) values (36546041, '223-07-7768', 'Georgina McIan');
insert into PayeeList (PayeeaccountID, Sortcode, Payeename) values (4297078, '461-26-5927', 'Latia Anscombe');
insert into PayeeList (PayeeaccountID, Sortcode, Payeename) values (38322708, '288-56-7679', 'Barri Abdy');
insert into PayeeList (PayeeaccountID, Sortcode, Payeename) values (40116813, '680-84-0894', 'Valry Rozanski');
insert into PayeeList (PayeeaccountID, Sortcode, Payeename) values (18625366, '654-10-5639', 'Flemming Monshall');
insert into PayeeList (PayeeaccountID, Sortcode, Payeename) values (37813526, '681-21-2734', 'Shaine Oboy');
insert into PayeeList (PayeeaccountID, Sortcode, Payeename) values (33629736, '892-76-5538', 'Halie Breacher');
insert into PayeeList (PayeeaccountID, Sortcode, Payeename) values (43514052, '819-64-0331', 'Giulio Bootland');
insert into PayeeList (PayeeaccountID, Sortcode, Payeename) values (32558923, '793-42-3381', 'Gay Connichie');
insert into PayeeList (PayeeaccountID, Sortcode, Payeename) values (28559831, '878-43-4610', 'Nelson Valentinetti');
insert into PayeeList (PayeeaccountID, Sortcode, Payeename) values (36143961, '789-04-2154', 'Lonni Van Ross');
insert into PayeeList (PayeeaccountID, Sortcode, Payeename) values (20591, '470-51-4783', 'Odey Ragate');
insert into PayeeList (PayeeaccountID, Sortcode, Payeename) values (11294362, '723-21-0032', 'Lonnard Swanborrow');
insert into PayeeList (PayeeaccountID, Sortcode, Payeename) values (9801717, '384-07-9447', 'Lorenza Waterson');
insert into PayeeList (PayeeaccountID, Sortcode, Payeename) values (3930011, '656-44-4841', 'Janela Speedy');
insert into PayeeList (PayeeaccountID, Sortcode, Payeename) values (43126860, '676-97-6282', 'Lavinie Jamson');
insert into PayeeList (PayeeaccountID, Sortcode, Payeename) values (27220706, '842-50-9988', 'Culver Ryves');
insert into PayeeList (PayeeaccountID, Sortcode, Payeename) values (8801368, '566-83-1629', 'Alair Airth');
insert into PayeeList (PayeeaccountID, Sortcode, Payeename) values (28049131, '200-51-1751', 'Leisha Coneau');
insert into PayeeList (PayeeaccountID, Sortcode, Payeename) values (25045837, '819-62-0221', 'Eleanore Littrik');
insert into PayeeList (PayeeaccountID, Sortcode, Payeename) values (37746121, '411-89-2787', 'Glori Causey');
insert into PayeeList (PayeeaccountID, Sortcode, Payeename) values (22678538, '615-81-7339', 'Cassandre Biddwell');
insert into PayeeList (PayeeaccountID, Sortcode, Payeename) values (8120782, '753-30-9091', 'Hillier Latter');
insert into PayeeList (PayeeaccountID, Sortcode, Payeename) values (35773112, '550-27-2043', 'Norbie Stalf');
insert into PayeeList (PayeeaccountID, Sortcode, Payeename) values (13249791, '121-47-9889', 'Abigale Devonport');
insert into PayeeList (PayeeaccountID, Sortcode, Payeename) values (12560150, '765-52-9120', 'Charyl Shapera');
insert into PayeeList (PayeeaccountID, Sortcode, Payeename) values (35992316, '733-34-6624', 'Fedora Brentnall');
insert into PayeeList (PayeeaccountID, Sortcode, Payeename) values (32165479, '650-60-3778', 'Catlaina Avramchik');
insert into PayeeList (PayeeaccountID, Sortcode, Payeename) values (11271514, '865-91-8282', 'Sharline Wilkenson');
insert into PayeeList (PayeeaccountID, Sortcode, Payeename) values (42577951, '809-02-7957', 'Grace Nasi');
insert into PayeeList (PayeeaccountID, Sortcode, Payeename) values (42786796, '547-02-1188', 'Javier Coolbear');
insert into PayeeList (PayeeaccountID, Sortcode, Payeename) values (33945047, '209-16-4434', 'Lee Kinsett');
insert into PayeeList (PayeeaccountID, Sortcode, Payeename) values (21445295, '318-72-4320', 'Florry McJury');
insert into PayeeList (PayeeaccountID, Sortcode, Payeename) values (18232328, '103-17-4033', 'Mandy Pynn');
insert into PayeeList (PayeeaccountID, Sortcode, Payeename) values (29848013, '548-75-9619', 'Kira Shoubridge');
insert into PayeeList (PayeeaccountID, Sortcode, Payeename) values (43331311, '448-66-4876', 'Liesa Morfell');
insert into PayeeList (PayeeaccountID, Sortcode, Payeename) values (15639540, '311-05-1291', 'Russell April');
insert into PayeeList (PayeeaccountID, Sortcode, Payeename) values (24341343, '883-39-5410', 'Hilliary Willoughley');
insert into PayeeList (PayeeaccountID, Sortcode, Payeename) values (39857472, '602-59-9240', 'Kenneth Schrader');
insert into PayeeList (PayeeaccountID, Sortcode, Payeename) values (44590686, '591-74-5781', 'Julietta Barme');
insert into PayeeList (PayeeaccountID, Sortcode, Payeename) values (20893670, '355-12-9571', 'Arabel Scorey');
insert into PayeeList (PayeeaccountID, Sortcode, Payeename) values (29231652, '452-71-6872', 'Jonathan Crathern');
insert into PayeeList (PayeeaccountID, Sortcode, Payeename) values (1396225, '545-62-0991', 'Giulio Currom');
insert into PayeeList (PayeeaccountID, Sortcode, Payeename) values (16791302, '340-33-1249', 'Xavier Baudi');
insert into PayeeList (PayeeaccountID, Sortcode, Payeename) values (28715843, '441-58-9287', 'Brit Decruse');
insert into PayeeList (PayeeaccountID, Sortcode, Payeename) values (4193430, '776-45-2902', 'Eimile Aizikovich');
insert into PayeeList (PayeeaccountID, Sortcode, Payeename) values (29683698, '776-05-3028', 'Karly Perkinson');
insert into PayeeList (PayeeaccountID, Sortcode, Payeename) values (36991138, '722-57-2670', 'Luke Watson');
insert into PayeeList (PayeeaccountID, Sortcode, Payeename) values (19959040, '489-26-6486', 'Verile Spittle');
insert into PayeeList (PayeeaccountID, Sortcode, Payeename) values (43807548, '397-68-2218', 'Erminie Glauber');
insert into PayeeList (PayeeaccountID, Sortcode, Payeename) values (38524373, '156-99-0900', 'Chalmers Ambrosoni');
insert into PayeeList (PayeeaccountID, Sortcode, Payeename) values (41140451, '770-26-4059', 'Prudence McAline');
insert into PayeeList (PayeeaccountID, Sortcode, Payeename) values (6942386, '749-56-3694', 'Martie Blacker');
insert into PayeeList (PayeeaccountID, Sortcode, Payeename) values (47462959, '130-58-9766', 'Ty Silverwood');
insert into PayeeList (PayeeaccountID, Sortcode, Payeename) values (33519850, '571-97-1152', 'Mari Vassel');
insert into PayeeList (PayeeaccountID, Sortcode, Payeename) values (37891634, '296-87-9068', 'Bobbie Diche');
insert into PayeeList (PayeeaccountID, Sortcode, Payeename) values (9089073, '260-61-7831', 'Marna Kivell');
insert into PayeeList (PayeeaccountID, Sortcode, Payeename) values (32572725, '381-47-7670', 'Timotheus Placido');
insert into PayeeList (PayeeaccountID, Sortcode, Payeename) values (38482270, '129-67-8934', 'Tiebold Froggatt');
insert into PayeeList (PayeeaccountID, Sortcode, Payeename) values (5654785, '630-80-1499', 'Deni Atlay');
insert into PayeeList (PayeeaccountID, Sortcode, Payeename) values (3423858, '753-42-1483', 'Selby How to preserve');
insert into PayeeList (PayeeaccountID, Sortcode, Payeename) values (13301036, '403-84-0353', 'Brooke Roswarn');
insert into PayeeList (PayeeaccountID, Sortcode, Payeename) values (22501406, '579-87-9655', 'Lissi Lewsley');
insert into PayeeList (PayeeaccountID, Sortcode, Payeename) values (12071058, '227-80-5554', 'Marjy Delany');
insert into PayeeList (PayeeaccountID, Sortcode, Payeename) values (29881454, '521-62-5047', 'Miguel Jorck');
insert into PayeeList (PayeeaccountID, Sortcode, Payeename) values (41055390, '547-37-9699', 'Bernardina Gascoigne');
insert into PayeeList (PayeeaccountID, Sortcode, Payeename) values (12537943, '739-23-0457', 'Sianna Thurbon');
insert into PayeeList (PayeeaccountID, Sortcode, Payeename) values (37300351, '415-76-2829', 'Cynthy Winmill');
insert into PayeeList (PayeeaccountID, Sortcode, Payeename) values (24029151, '346-38-9434', 'Early O''Hannen');
insert into PayeeList (PayeeaccountID, Sortcode, Payeename) values (27135500, '285-73-5332', 'Jordon Horry');
insert into PayeeList (PayeeaccountID, Sortcode, Payeename) values (1798605, '606-15-0353', 'Merilee Swafield');
insert into PayeeList (PayeeaccountID, Sortcode, Payeename) values (38614927, '842-96-7045', 'Myrilla Kearsley');
insert into PayeeList (PayeeaccountID, Sortcode, Payeename) values (3515811, '843-26-6956', 'Barbra McDougald');
insert into PayeeList (PayeeaccountID, Sortcode, Payeename) values (20233614, '835-52-8326', 'Hortense Kingcott');
insert into PayeeList (PayeeaccountID, Sortcode, Payeename) values (20822111, '290-26-0105', 'Anabel Hargreaves');
insert into PayeeList (PayeeaccountID, Sortcode, Payeename) values (4503655, '436-21-6079', 'Myrah Pickthall');
insert into PayeeList (PayeeaccountID, Sortcode, Payeename) values (17290095, '855-14-5601', 'Court Tuther');
insert into PayeeList (PayeeaccountID, Sortcode, Payeename) values (14701309, '739-18-9831', 'Sean Downs');
insert into PayeeList (PayeeaccountID, Sortcode, Payeename) values (15214629, '164-68-2646', 'Mindy Thairs');
insert into PayeeList (PayeeaccountID, Sortcode, Payeename) values (40615751, '444-51-1886', 'Ody Flounders');
insert into PayeeList (PayeeaccountID, Sortcode, Payeename) values (30267563, '554-42-9057', 'Ashlen Dawney');
insert into PayeeList (PayeeaccountID, Sortcode, Payeename) values (9562567, '413-58-3811', 'Graham Domoney');
insert into PayeeList (PayeeaccountID, Sortcode, Payeename) values (21958209, '308-16-3199', 'Latia Charlesworth');
insert into PayeeList (PayeeaccountID, Sortcode, Payeename) values (18106707, '256-46-1302', 'Evy Allcroft');
insert into PayeeList (PayeeaccountID, Sortcode, Payeename) values (2140544, '385-87-4805', 'Jordan Andrat');
insert into PayeeList (PayeeaccountID, Sortcode, Payeename) values (14125953, '790-56-0344', 'Woodrow Styant');
insert into PayeeList (PayeeaccountID, Sortcode, Payeename) values (35144003, '185-41-8971', 'Charlena McArthur');
insert into PayeeList (PayeeaccountID, Sortcode, Payeename) values (46421833, '103-17-0431', 'Francisco Morrice');
insert into PayeeList (PayeeaccountID, Sortcode, Payeename) values (35563459, '434-23-8733', 'Shaun Tipple');
insert into PayeeList (PayeeaccountID, Sortcode, Payeename) values (49474211, '135-39-7396', 'Bradan Cassell');
insert into PayeeList (PayeeaccountID, Sortcode, Payeename) values (32512117, '519-49-6992', 'Thoma Eustanch');
insert into PayeeList (PayeeaccountID, Sortcode, Payeename) values (29234105, '336-99-1415', 'Lexie Castanyer');
insert into PayeeList (PayeeaccountID, Sortcode, Payeename) values (37705242, '478-14-0990', 'Barbaraanne Killby');
insert into PayeeList (PayeeaccountID, Sortcode, Payeename) values (8492456, '479-50-8669', 'Geno Rapelli');
insert into PayeeList (PayeeaccountID, Sortcode, Payeename) values (45398629, '644-77-2712', 'Clea Farbrace');
insert into PayeeList (PayeeaccountID, Sortcode, Payeename) values (33507004, '145-99-3947', 'Calli Farraway');
insert into PayeeList (PayeeaccountID, Sortcode, Payeename) values (2671995, '690-15-0200', 'Jorge Ulyet');
insert into PayeeList (PayeeaccountID, Sortcode, Payeename) values (43768206, '535-95-0637', 'Hagan Barnicott');
insert into PayeeList (PayeeaccountID, Sortcode, Payeename) values (26296410, '140-64-3697', 'Eugenie Petrou');
insert into PayeeList (PayeeaccountID, Sortcode, Payeename) values (26018739, '862-10-1758', 'Annabela Rippingale');
insert into PayeeList (PayeeaccountID, Sortcode, Payeename) values (24527213, '825-25-8242', 'Kacy Wordington');
insert into PayeeList (PayeeaccountID, Sortcode, Payeename) values (39109266, '785-03-9149', 'Maryanne Lorman');
insert into PayeeList (PayeeaccountID, Sortcode, Payeename) values (45040436, '126-26-1683', 'Sosanna Gayle');
insert into PayeeList (PayeeaccountID, Sortcode, Payeename) values (21061039, '626-41-8275', 'Breena Klagges');
insert into PayeeList (PayeeaccountID, Sortcode, Payeename) values (10532809, '424-69-2752', 'Felizio Charlton');
insert into PayeeList (PayeeaccountID, Sortcode, Payeename) values (31373772, '513-90-2415', 'Terrijo Echalier');
insert into PayeeList (PayeeaccountID, Sortcode, Payeename) values (9422914, '496-03-9286', 'Bran Henriksson');
insert into PayeeList (PayeeaccountID, Sortcode, Payeename) values (27708824, '857-37-7997', 'Haskel Melmoth');
insert into PayeeList (PayeeaccountID, Sortcode, Payeename) values (3208621, '810-12-1072', 'Serena Dreier');
insert into PayeeList (PayeeaccountID, Sortcode, Payeename) values (4287416, '864-63-9903', 'Rosina Woollett');
insert into PayeeList (PayeeaccountID, Sortcode, Payeename) values (22855403, '375-54-6063', 'Branden Shenfish');
insert into PayeeList (PayeeaccountID, Sortcode, Payeename) values (26777077, '896-31-4710', 'Christian Yanin');
insert into PayeeList (PayeeaccountID, Sortcode, Payeename) values (46154140, '654-02-6598', 'Camellia Keenan');
insert into PayeeList (PayeeaccountID, Sortcode, Payeename) values (7106301, '514-37-9153', 'Guendolen Cambridge');
insert into PayeeList (PayeeaccountID, Sortcode, Payeename) values (23127969, '873-91-5853', 'Moore Wickey');
insert into PayeeList (PayeeaccountID, Sortcode, Payeename) values (24509674, '406-87-5554', 'Myer Sciusscietto');
insert into PayeeList (PayeeaccountID, Sortcode, Payeename) values (8933376, '352-01-2599', 'Katerina Westover');
insert into PayeeList (PayeeaccountID, Sortcode, Payeename) values (23872042, '765-13-9291', 'Kyrstin Rude');
insert into PayeeList (PayeeaccountID, Sortcode, Payeename) values (23333720, '305-81-2382', 'Phillip Pashan');
insert into PayeeList (PayeeaccountID, Sortcode, Payeename) values (2407021, '324-56-1442', 'Phylys Bartles');
insert into PayeeList (PayeeaccountID, Sortcode, Payeename) values (35839539, '753-79-0616', 'Shalne McCowan');

insert into Transaction_History (TransactionID, transactiondate, Amount, Accountnumber, PayeeaccountID) values (1, '2019-12-27', 929.37, '742293', '24093878');
insert into Transaction_History (TransactionID, transactiondate, Amount, Accountnumber, PayeeaccountID) values (2, '2019-07-28', 493.95, '5436549', '16844808');
insert into Transaction_History (TransactionID, transactiondate, Amount, Accountnumber, PayeeaccountID) values (3, '2022-06-09', 136.33, '3548174', '19395843');
insert into Transaction_History (TransactionID, transactiondate, Amount, Accountnumber, PayeeaccountID) values (4, '2022-06-06', 447.45, '4645373', '10325469');
insert into Transaction_History (TransactionID, transactiondate, Amount, Accountnumber, PayeeaccountID) values (5, '2019-01-14', 809.84, '5651985', '41408201');
insert into Transaction_History (TransactionID, transactiondate, Amount, Accountnumber, PayeeaccountID) values (6, '2019-04-10', 761.0, '3790509', '39580129');
insert into Transaction_History (TransactionID, transactiondate, Amount, Accountnumber, PayeeaccountID) values (7, '2021-12-21', 387.64, '2144190', '8531380');
insert into Transaction_History (TransactionID, transactiondate, Amount, Accountnumber, PayeeaccountID) values (8, '2022-05-29', 334.15, '4123883', '29437557');
insert into Transaction_History (TransactionID, transactiondate, Amount, Accountnumber, PayeeaccountID) values (9, '2021-04-28', 464.08, '1279461', '2504794');
insert into Transaction_History (TransactionID, transactiondate, Amount, Accountnumber, PayeeaccountID) values (10, '2019-09-16', 615.45, '2497676', '13677035');
insert into Transaction_History (TransactionID, transactiondate, Amount, Accountnumber, PayeeaccountID) values (11, '2020-04-04', 731.37, '4914452', '17862411');
insert into Transaction_History (TransactionID, transactiondate, Amount, Accountnumber, PayeeaccountID) values (12, '2022-11-15', 984.41, '7958827', '44590887');
insert into Transaction_History (TransactionID, transactiondate, Amount, Accountnumber, PayeeaccountID) values (13, '2021-01-13', 323.87, '5386242', '7586703');
insert into Transaction_History (TransactionID, transactiondate, Amount, Accountnumber, PayeeaccountID) values (14, '2019-11-30', 440.17, '608399', '7331183');
insert into Transaction_History (TransactionID, transactiondate, Amount, Accountnumber, PayeeaccountID) values (15, '2020-12-26', 110.89, '4015882', '33813077');
insert into Transaction_History (TransactionID, transactiondate, Amount, Accountnumber, PayeeaccountID) values (16, '2020-08-24', 622.03, '8159424', '47912996');
insert into Transaction_History (TransactionID, transactiondate, Amount, Accountnumber, PayeeaccountID) values (17, '2022-03-21', 543.82, '3140771', '17797510');
insert into Transaction_History (TransactionID, transactiondate, Amount, Accountnumber, PayeeaccountID) values (18, '2020-09-04', 212.18, '5599036', '17356130');
insert into Transaction_History (TransactionID, transactiondate, Amount, Accountnumber, PayeeaccountID) values (19, '2021-08-01', 336.4, '1707016', '39142875');
insert into Transaction_History (TransactionID, transactiondate, Amount, Accountnumber, PayeeaccountID) values (20, '2023-04-12', 672.6, '8479297', '29855408');
insert into Transaction_History (TransactionID, transactiondate, Amount, Accountnumber, PayeeaccountID) values (21, '2020-04-25', 836.24, '1339870', '19918665');
insert into Transaction_History (TransactionID, transactiondate, Amount, Accountnumber, PayeeaccountID) values (22, '2019-12-13', 321.68, '4334926', '2193941');
insert into Transaction_History (TransactionID, transactiondate, Amount, Accountnumber, PayeeaccountID) values (23, '2019-03-08', 475.62, '7766374', '38204039');
insert into Transaction_History (TransactionID, transactiondate, Amount, Accountnumber, PayeeaccountID) values (24, '2022-10-09', 208.73, '5829432', '17899125');
insert into Transaction_History (TransactionID, transactiondate, Amount, Accountnumber, PayeeaccountID) values (25, '2020-08-07', 650.17, '7951377', '30372661');
insert into Transaction_History (TransactionID, transactiondate, Amount, Accountnumber, PayeeaccountID) values (26, '2022-12-25', 284.52, '5914278', '35561593');
insert into Transaction_History (TransactionID, transactiondate, Amount, Accountnumber, PayeeaccountID) values (27, '2021-03-27', 741.17, '8950961', '40140745');
insert into Transaction_History (TransactionID, transactiondate, Amount, Accountnumber, PayeeaccountID) values (28, '2022-04-27', 175.49, '524690', '41833615');
insert into Transaction_History (TransactionID, transactiondate, Amount, Accountnumber, PayeeaccountID) values (29, '2022-07-24', 5.16, '3769911', '12079454');
insert into Transaction_History (TransactionID, transactiondate, Amount, Accountnumber, PayeeaccountID) values (30, '2019-11-27', 359.46, '2998522', '13334975');
insert into Transaction_History (TransactionID, transactiondate, Amount, Accountnumber, PayeeaccountID) values (31, '2019-12-02', 108.48, '8373867', '48667996');
insert into Transaction_History (TransactionID, transactiondate, Amount, Accountnumber, PayeeaccountID) values (32, '2022-10-04', 354.34, '648807', '13096487');
insert into Transaction_History (TransactionID, transactiondate, Amount, Accountnumber, PayeeaccountID) values (33, '2019-09-01', 186.04, '7138748', '2271427');
insert into Transaction_History (TransactionID, transactiondate, Amount, Accountnumber, PayeeaccountID) values (34, '2023-05-03', 128.24, '3835371', '36723688');
insert into Transaction_History (TransactionID, transactiondate, Amount, Accountnumber, PayeeaccountID) values (35, '2021-02-13', 933.85, '1454477', '20912311');
insert into Transaction_History (TransactionID, transactiondate, Amount, Accountnumber, PayeeaccountID) values (36, '2020-07-18', 446.45, '5052619', '27153242');
insert into Transaction_History (TransactionID, transactiondate, Amount, Accountnumber, PayeeaccountID) values (37, '2019-04-27', 814.26, '777019', '28888231');
insert into Transaction_History (TransactionID, transactiondate, Amount, Accountnumber, PayeeaccountID) values (38, '2021-11-20', 641.4, '2022966', '45840786');
insert into Transaction_History (TransactionID, transactiondate, Amount, Accountnumber, PayeeaccountID) values (39, '2021-02-13', 382.17, '3206132', '8475558');
insert into Transaction_History (TransactionID, transactiondate, Amount, Accountnumber, PayeeaccountID) values (40, '2022-04-16', 960.31, '1943335', '20964181');
insert into Transaction_History (TransactionID, transactiondate, Amount, Accountnumber, PayeeaccountID) values (41, '2022-01-09', 193.38, '9713200', '42941580');
insert into Transaction_History (TransactionID, transactiondate, Amount, Accountnumber, PayeeaccountID) values (42, '2021-04-04', 141.72, '4227922', '8257008');
insert into Transaction_History (TransactionID, transactiondate, Amount, Accountnumber, PayeeaccountID) values (43, '2023-02-04', 452.29, '9139858', '20154229');
insert into Transaction_History (TransactionID, transactiondate, Amount, Accountnumber, PayeeaccountID) values (44, '2020-09-30', 12.69, '5262002', '11543606');
insert into Transaction_History (TransactionID, transactiondate, Amount, Accountnumber, PayeeaccountID) values (45, '2019-03-09', 951.6, '2902561', '30242725');
insert into Transaction_History (TransactionID, transactiondate, Amount, Accountnumber, PayeeaccountID) values (46, '2021-01-06', 884.56, '9531904', '26944475');
insert into Transaction_History (TransactionID, transactiondate, Amount, Accountnumber, PayeeaccountID) values (47, '2020-04-07', 125.54, '9326350', '12480490');
insert into Transaction_History (TransactionID, transactiondate, Amount, Accountnumber, PayeeaccountID) values (48, '2022-08-10', 850.81, '2877190', '31184767');
insert into Transaction_History (TransactionID, transactiondate, Amount, Accountnumber, PayeeaccountID) values (49, '2022-08-13', 640.76, '613383', '31523025');
insert into Transaction_History (TransactionID, transactiondate, Amount, Accountnumber, PayeeaccountID) values (50, '2021-05-06', 296.15, '5433753', '15640251');
insert into Transaction_History (TransactionID, transactiondate, Amount, Accountnumber, PayeeaccountID) values (51, '2022-05-26', 900.44, '9189781', '9294065');
insert into Transaction_History (TransactionID, transactiondate, Amount, Accountnumber, PayeeaccountID) values (52, '2021-02-06', 153.62, '2139883', '45874131');
insert into Transaction_History (TransactionID, transactiondate, Amount, Accountnumber, PayeeaccountID) values (53, '2020-02-13', 164.58, '7277150', '48251076');
insert into Transaction_History (TransactionID, transactiondate, Amount, Accountnumber, PayeeaccountID) values (54, '2020-12-19', 53.42, '9246521', '25791949');
insert into Transaction_History (TransactionID, transactiondate, Amount, Accountnumber, PayeeaccountID) values (55, '2022-06-13', 189.67, '5165894', '22734749');
insert into Transaction_History (TransactionID, transactiondate, Amount, Accountnumber, PayeeaccountID) values (56, '2023-04-18', 90.2, '3660164', '44039837');
insert into Transaction_History (TransactionID, transactiondate, Amount, Accountnumber, PayeeaccountID) values (57, '2021-03-30', 871.02, '6897996', '26710649');
insert into Transaction_History (TransactionID, transactiondate, Amount, Accountnumber, PayeeaccountID) values (58, '2020-06-17', 49.96, '1052590', '9415765');
insert into Transaction_History (TransactionID, transactiondate, Amount, Accountnumber, PayeeaccountID) values (59, '2022-08-13', 159.38, '2030042', '4335003');
insert into Transaction_History (TransactionID, transactiondate, Amount, Accountnumber, PayeeaccountID) values (60, '2022-10-08', 256.69, '2222209', '7189038');
insert into Transaction_History (TransactionID, transactiondate, Amount, Accountnumber, PayeeaccountID) values (61, '2019-11-30', 107.59, '719844', '39777863');
insert into Transaction_History (TransactionID, transactiondate, Amount, Accountnumber, PayeeaccountID) values (62, '2021-07-23', 107.69, '2758495', '34389821');
insert into Transaction_History (TransactionID, transactiondate, Amount, Accountnumber, PayeeaccountID) values (63, '2019-01-03', 672.53, '1552128', '15834880');
insert into Transaction_History (TransactionID, transactiondate, Amount, Accountnumber, PayeeaccountID) values (64, '2021-04-05', 711.26, '2530226', '46097432');
insert into Transaction_History (TransactionID, transactiondate, Amount, Accountnumber, PayeeaccountID) values (65, '2019-04-08', 849.07, '6543315', '23587049');
insert into Transaction_History (TransactionID, transactiondate, Amount, Accountnumber, PayeeaccountID) values (66, '2021-08-28', 932.02, '6283288', '33436168');
insert into Transaction_History (TransactionID, transactiondate, Amount, Accountnumber, PayeeaccountID) values (67, '2020-12-22', 882.91, '5476035', '29980748');
insert into Transaction_History (TransactionID, transactiondate, Amount, Accountnumber, PayeeaccountID) values (68, '2022-07-18', 112.17, '7069636', '8604421');
insert into Transaction_History (TransactionID, transactiondate, Amount, Accountnumber, PayeeaccountID) values (69, '2021-03-16', 33.75, '1658694', '45408096');
insert into Transaction_History (TransactionID, transactiondate, Amount, Accountnumber, PayeeaccountID) values (70, '2019-04-21', 446.72, '8988411', '1912057');
insert into Transaction_History (TransactionID, transactiondate, Amount, Accountnumber, PayeeaccountID) values (71, '2023-04-30', 790.93, '1074315', '18121440');
insert into Transaction_History (TransactionID, transactiondate, Amount, Accountnumber, PayeeaccountID) values (72, '2022-04-03', 251.79, '2855475', '36830487');
insert into Transaction_History (TransactionID, transactiondate, Amount, Accountnumber, PayeeaccountID) values (73, '2019-05-14', 900.88, '985728', '35184777');
insert into Transaction_History (TransactionID, transactiondate, Amount, Accountnumber, PayeeaccountID) values (74, '2022-05-07', 984.07, '5950445', '33952135');
insert into Transaction_History (TransactionID, transactiondate, Amount, Accountnumber, PayeeaccountID) values (75, '2023-02-26', 98.74, '833464', '5064727');
insert into Transaction_History (TransactionID, transactiondate, Amount, Accountnumber, PayeeaccountID) values (76, '2021-08-10', 525.02, '1484588', '37244499');
insert into Transaction_History (TransactionID, transactiondate, Amount, Accountnumber, PayeeaccountID) values (77, '2021-09-22', 648.19, '9596785', '27374252');
insert into Transaction_History (TransactionID, transactiondate, Amount, Accountnumber, PayeeaccountID) values (78, '2021-02-20', 475.41, '9988825', '10272555');
insert into Transaction_History (TransactionID, transactiondate, Amount, Accountnumber, PayeeaccountID) values (79, '2020-08-18', 420.46, '1907737', '19698520');
insert into Transaction_History (TransactionID, transactiondate, Amount, Accountnumber, PayeeaccountID) values (80, '2019-12-15', 323.08, '2270502', '4828511');
insert into Transaction_History (TransactionID, transactiondate, Amount, Accountnumber, PayeeaccountID) values (81, '2021-01-30', 750.92, '9960559', '26151884');
insert into Transaction_History (TransactionID, transactiondate, Amount, Accountnumber, PayeeaccountID) values (82, '2022-01-02', 485.95, '6227998', '30012740');
insert into Transaction_History (TransactionID, transactiondate, Amount, Accountnumber, PayeeaccountID) values (83, '2022-02-27', 751.56, '62349', '47703791');
insert into Transaction_History (TransactionID, transactiondate, Amount, Accountnumber, PayeeaccountID) values (84, '2022-11-02', 632.31, '7591751', '26913267');
insert into Transaction_History (TransactionID, transactiondate, Amount, Accountnumber, PayeeaccountID) values (85, '2022-04-20', 387.97, '6811852', '4944836');
insert into Transaction_History (TransactionID, transactiondate, Amount, Accountnumber, PayeeaccountID) values (86, '2021-11-12', 409.42, '9450635', '2468129');
insert into Transaction_History (TransactionID, transactiondate, Amount, Accountnumber, PayeeaccountID) values (87, '2020-01-19', 414.13, '8231294', '14740735');
insert into Transaction_History (TransactionID, transactiondate, Amount, Accountnumber, PayeeaccountID) values (88, '2019-01-19', 978.85, '2244787', '11994052');
insert into Transaction_History (TransactionID, transactiondate, Amount, Accountnumber, PayeeaccountID) values (89, '2021-07-15', 664.5, '2488982', '13118033');
insert into Transaction_History (TransactionID, transactiondate, Amount, Accountnumber, PayeeaccountID) values (90, '2022-12-26', 589.51, '7781263', '46190909');
insert into Transaction_History (TransactionID, transactiondate, Amount, Accountnumber, PayeeaccountID) values (91, '2019-05-24', 127.58, '1165107', '42151685');
insert into Transaction_History (TransactionID, transactiondate, Amount, Accountnumber, PayeeaccountID) values (92, '2020-08-17', 924.26, '488797', '40474264');
insert into Transaction_History (TransactionID, transactiondate, Amount, Accountnumber, PayeeaccountID) values (93, '2019-11-03', 395.32, '5212449', '27237584');
insert into Transaction_History (TransactionID, transactiondate, Amount, Accountnumber, PayeeaccountID) values (94, '2019-09-08', 203.82, '517392', '7059113');
insert into Transaction_History (TransactionID, transactiondate, Amount, Accountnumber, PayeeaccountID) values (95, '2020-10-24', 127.92, '280106', '20013643');
insert into Transaction_History (TransactionID, transactiondate, Amount, Accountnumber, PayeeaccountID) values (96, '2019-11-13', 146.46, '9964953', '3118880');
insert into Transaction_History (TransactionID, transactiondate, Amount, Accountnumber, PayeeaccountID) values (97, '2022-10-29', 995.35, '1741836', '28066914');
insert into Transaction_History (TransactionID, transactiondate, Amount, Accountnumber, PayeeaccountID) values (98, '2019-09-11', 342.62, '5859635', '20435831');
insert into Transaction_History (TransactionID, transactiondate, Amount, Accountnumber, PayeeaccountID) values (99, '2021-12-09', 201.62, '5904232', '10595678');
insert into Transaction_History (TransactionID, transactiondate, Amount, Accountnumber, PayeeaccountID) values (100, '2019-06-13', 619.87, '5496663', '3949203');
insert into Transaction_History (TransactionID, transactiondate, Amount, Accountnumber, PayeeaccountID) values (101, '2022-09-06', 623.65, '2104277', '39770222');
insert into Transaction_History (TransactionID, transactiondate, Amount, Accountnumber, PayeeaccountID) values (102, '2021-10-07', 133.21, '7093207', '24239307');
insert into Transaction_History (TransactionID, transactiondate, Amount, Accountnumber, PayeeaccountID) values (103, '2019-12-27', 107.84, '8900910', '25828710');
insert into Transaction_History (TransactionID, transactiondate, Amount, Accountnumber, PayeeaccountID) values (104, '2022-06-17', 801.94, '1350966', '24271536');
insert into Transaction_History (TransactionID, transactiondate, Amount, Accountnumber, PayeeaccountID) values (105, '2022-12-12', 904.06, '6438837', '49797356');
insert into Transaction_History (TransactionID, transactiondate, Amount, Accountnumber, PayeeaccountID) values (106, '2022-01-08', 662.11, '724720', '1212418');
insert into Transaction_History (TransactionID, transactiondate, Amount, Accountnumber, PayeeaccountID) values (107, '2020-11-10', 932.5, '3348347', '17380799');
insert into Transaction_History (TransactionID, transactiondate, Amount, Accountnumber, PayeeaccountID) values (108, '2022-10-18', 157.89, '6927962', '3445156');
insert into Transaction_History (TransactionID, transactiondate, Amount, Accountnumber, PayeeaccountID) values (109, '2022-12-05', 365.48, '1236923', '23611501');
insert into Transaction_History (TransactionID, transactiondate, Amount, Accountnumber, PayeeaccountID) values (110, '2021-06-08', 5.76, '1842636', '41987316');
insert into Transaction_History (TransactionID, transactiondate, Amount, Accountnumber, PayeeaccountID) values (111, '2019-12-29', 316.01, '1860936', '47810454');
insert into Transaction_History (TransactionID, transactiondate, Amount, Accountnumber, PayeeaccountID) values (112, '2020-07-05', 589.95, '3567893', '16640841');
insert into Transaction_History (TransactionID, transactiondate, Amount, Accountnumber, PayeeaccountID) values (113, '2022-05-19', 382.8, '1716178', '31961491');
insert into Transaction_History (TransactionID, transactiondate, Amount, Accountnumber, PayeeaccountID) values (114, '2020-08-08', 445.27, '220005', '33021326');
insert into Transaction_History (TransactionID, transactiondate, Amount, Accountnumber, PayeeaccountID) values (115, '2019-07-16', 470.67, '6657264', '20496951');
insert into Transaction_History (TransactionID, transactiondate, Amount, Accountnumber, PayeeaccountID) values (116, '2022-09-12', 545.85, '3880653', '42553628');
insert into Transaction_History (TransactionID, transactiondate, Amount, Accountnumber, PayeeaccountID) values (117, '2020-08-04', 268.86, '8042315', '2964464');
insert into Transaction_History (TransactionID, transactiondate, Amount, Accountnumber, PayeeaccountID) values (118, '2022-01-11', 156.58, '8473890', '42447099');
insert into Transaction_History (TransactionID, transactiondate, Amount, Accountnumber, PayeeaccountID) values (119, '2020-08-03', 901.44, '6974503', '22347166');
insert into Transaction_History (TransactionID, transactiondate, Amount, Accountnumber, PayeeaccountID) values (120, '2023-02-10', 126.94, '157966', '1918599');
insert into Transaction_History (TransactionID, transactiondate, Amount, Accountnumber, PayeeaccountID) values (121, '2020-07-04', 477.8, '6214446', '18620878');
insert into Transaction_History (TransactionID, transactiondate, Amount, Accountnumber, PayeeaccountID) values (122, '2022-09-02', 884.84, '1792827', '24886875');
insert into Transaction_History (TransactionID, transactiondate, Amount, Accountnumber, PayeeaccountID) values (123, '2020-03-06', 26.55, '9060543', '35772311');
insert into Transaction_History (TransactionID, transactiondate, Amount, Accountnumber, PayeeaccountID) values (124, '2020-01-30', 779.7, '3135976', '32164247');
insert into Transaction_History (TransactionID, transactiondate, Amount, Accountnumber, PayeeaccountID) values (125, '2019-10-22', 734.46, '7427544', '26417155');
insert into Transaction_History (TransactionID, transactiondate, Amount, Accountnumber, PayeeaccountID) values (126, '2021-03-26', 830.06, '1696201', '9422596');
insert into Transaction_History (TransactionID, transactiondate, Amount, Accountnumber, PayeeaccountID) values (127, '2019-12-18', 323.41, '5130753', '42901655');
insert into Transaction_History (TransactionID, transactiondate, Amount, Accountnumber, PayeeaccountID) values (128, '2021-01-04', 135.72, '9906657', '49648060');
insert into Transaction_History (TransactionID, transactiondate, Amount, Accountnumber, PayeeaccountID) values (129, '2023-04-06', 678.63, '5271320', '24755541');
insert into Transaction_History (TransactionID, transactiondate, Amount, Accountnumber, PayeeaccountID) values (130, '2022-06-14', 502.93, '3427104', '49427082');
insert into Transaction_History (TransactionID, transactiondate, Amount, Accountnumber, PayeeaccountID) values (131, '2021-12-31', 945.79, '7641054', '12771197');
insert into Transaction_History (TransactionID, transactiondate, Amount, Accountnumber, PayeeaccountID) values (132, '2022-03-07', 196.72, '8036898', '23295497');
insert into Transaction_History (TransactionID, transactiondate, Amount, Accountnumber, PayeeaccountID) values (133, '2021-07-29', 31.83, '7071724', '47622144');
insert into Transaction_History (TransactionID, transactiondate, Amount, Accountnumber, PayeeaccountID) values (134, '2020-01-16', 545.61, '2185514', '44264376');
insert into Transaction_History (TransactionID, transactiondate, Amount, Accountnumber, PayeeaccountID) values (135, '2019-05-22', 753.67, '1355946', '39409024');
insert into Transaction_History (TransactionID, transactiondate, Amount, Accountnumber, PayeeaccountID) values (136, '2022-05-14', 72.9, '9267217', '3938676');
insert into Transaction_History (TransactionID, transactiondate, Amount, Accountnumber, PayeeaccountID) values (137, '2022-12-26', 208.94, '8833174', '38325371');
insert into Transaction_History (TransactionID, transactiondate, Amount, Accountnumber, PayeeaccountID) values (138, '2021-07-07', 276.17, '9545988', '30500814');
insert into Transaction_History (TransactionID, transactiondate, Amount, Accountnumber, PayeeaccountID) values (139, '2020-12-07', 911.72, '691075', '37814782');
insert into Transaction_History (TransactionID, transactiondate, Amount, Accountnumber, PayeeaccountID) values (140, '2020-02-29', 293.09, '2862353', '11223109');
insert into Transaction_History (TransactionID, transactiondate, Amount, Accountnumber, PayeeaccountID) values (141, '2022-09-20', 130.63, '3488361', '47911036');
insert into Transaction_History (TransactionID, transactiondate, Amount, Accountnumber, PayeeaccountID) values (142, '2021-12-27', 42.03, '3487509', '415228');
insert into Transaction_History (TransactionID, transactiondate, Amount, Accountnumber, PayeeaccountID) values (143, '2020-03-18', 320.76, '3470121', '33018250');
insert into Transaction_History (TransactionID, transactiondate, Amount, Accountnumber, PayeeaccountID) values (144, '2021-06-11', 657.58, '5651985', '33329625');
insert into Transaction_History (TransactionID, transactiondate, Amount, Accountnumber, PayeeaccountID) values (145, '2023-02-07', 661.51, '833464', '30354642');
insert into Transaction_History (TransactionID, transactiondate, Amount, Accountnumber, PayeeaccountID) values (146, '2022-05-18', 600.73, '1165107', '18658207');
insert into Transaction_History (TransactionID, transactiondate, Amount, Accountnumber, PayeeaccountID) values (147, '2021-06-12', 606.61, '1792827', '2600947');
insert into Transaction_History (TransactionID, transactiondate, Amount, Accountnumber, PayeeaccountID) values (148, '2019-09-06', 976.94, '2758495', '23587049');
insert into Transaction_History (TransactionID, transactiondate, Amount, Accountnumber, PayeeaccountID) values (149, '2019-12-25', 759.34, '9227228', '17899125');
insert into Transaction_History (TransactionID, transactiondate, Amount, Accountnumber, PayeeaccountID) values (150, '2019-04-02', 518.84, '3487509', '30500814');
insert into Transaction_History (TransactionID, transactiondate, Amount, Accountnumber, PayeeaccountID) values (151, '2020-01-20', 55.27, '157966', '14740735');
insert into Transaction_History (TransactionID, transactiondate, Amount, Accountnumber, PayeeaccountID) values (152, '2020-04-24', 882.77, '8042315', '17356130');
insert into Transaction_History (TransactionID, transactiondate, Amount, Accountnumber, PayeeaccountID) values (153, '2020-08-27', 363.49, '1052590', '19698520');
insert into Transaction_History (TransactionID, transactiondate, Amount, Accountnumber, PayeeaccountID) values (154, '2020-01-14', 914.09, '5212449', '20435831');
insert into Transaction_History (TransactionID, transactiondate, Amount, Accountnumber, PayeeaccountID) values (155, '2022-02-15', 773.33, '7093207', '33436168');
insert into Transaction_History (TransactionID, transactiondate, Amount, Accountnumber, PayeeaccountID) values (156, '2022-10-10', 501.21, '4227922', '2600947');
insert into Transaction_History (TransactionID, transactiondate, Amount, Accountnumber, PayeeaccountID) values (157, '2022-06-19', 512.61, '8373867', '10595678');
insert into Transaction_History (TransactionID, transactiondate, Amount, Accountnumber, PayeeaccountID) values (158, '2023-01-16', 275.02, '5515161', '13677035');
insert into Transaction_History (TransactionID, transactiondate, Amount, Accountnumber, PayeeaccountID) values (159, '2019-05-08', 117.53, '5436549', '26710649');
insert into Transaction_History (TransactionID, transactiondate, Amount, Accountnumber, PayeeaccountID) values (160, '2019-10-03', 854.9, '1236923', '30372661');
insert into Transaction_History (TransactionID, transactiondate, Amount, Accountnumber, PayeeaccountID) values (161, '2021-08-06', 21.82, '2862353', '18620878');
insert into Transaction_History (TransactionID, transactiondate, Amount, Accountnumber, PayeeaccountID) values (162, '2022-12-10', 720.13, '1350966', '28066914');
insert into Transaction_History (TransactionID, transactiondate, Amount, Accountnumber, PayeeaccountID) values (163, '2022-10-22', 664.94, '7591751', '24886875');
insert into Transaction_History (TransactionID, transactiondate, Amount, Accountnumber, PayeeaccountID) values (164, '2019-02-21', 791.89, '5859635', '42151685');
insert into Transaction_History (TransactionID, transactiondate, Amount, Accountnumber, PayeeaccountID) values (165, '2020-04-10', 646.39, '7277150', '3118880');
insert into Transaction_History (TransactionID, transactiondate, Amount, Accountnumber, PayeeaccountID) values (166, '2020-03-24', 93.99, '2877190', '40140745');
insert into Transaction_History (TransactionID, transactiondate, Amount, Accountnumber, PayeeaccountID) values (167, '2022-02-27', 869.84, '2244787', '7189038');
insert into Transaction_History (TransactionID, transactiondate, Amount, Accountnumber, PayeeaccountID) values (168, '2022-02-28', 263.14, '5599036', '12771197');
insert into Transaction_History (TransactionID, transactiondate, Amount, Accountnumber, PayeeaccountID) values (169, '2019-02-22', 732.9, '1716178', '44039837');
insert into Transaction_History (TransactionID, transactiondate, Amount, Accountnumber, PayeeaccountID) values (170, '2020-10-24', 411.02, '6214446', '15640251');
insert into Transaction_History (TransactionID, transactiondate, Amount, Accountnumber, PayeeaccountID) values (171, '2021-03-05', 187.47, '8833174', '47911036');
insert into Transaction_History (TransactionID, transactiondate, Amount, Accountnumber, PayeeaccountID) values (172, '2019-08-02', 883.81, '3769911', '8604421');
insert into Transaction_History (TransactionID, transactiondate, Amount, Accountnumber, PayeeaccountID) values (173, '2020-11-16', 443.88, '608399', '32164247');
insert into Transaction_History (TransactionID, transactiondate, Amount, Accountnumber, PayeeaccountID) values (174, '2021-03-31', 635.38, '5950445', '24093878');
insert into Transaction_History (TransactionID, transactiondate, Amount, Accountnumber, PayeeaccountID) values (175, '2020-11-23', 604.02, '3660164', '36723688');
insert into Transaction_History (TransactionID, transactiondate, Amount, Accountnumber, PayeeaccountID) values (176, '2019-05-11', 359.96, '9545988', '17380799');
insert into Transaction_History (TransactionID, transactiondate, Amount, Accountnumber, PayeeaccountID) values (177, '2020-05-26', 917.72, '1454477', '35184777');
insert into Transaction_History (TransactionID, transactiondate, Amount, Accountnumber, PayeeaccountID) values (178, '2020-02-26', 312.17, '1860936', '24755541');
insert into Transaction_History (TransactionID, transactiondate, Amount, Accountnumber, PayeeaccountID) values (179, '2022-03-13', 737.51, '8159424', '48667996');
insert into Transaction_History (TransactionID, transactiondate, Amount, Accountnumber, PayeeaccountID) values (180, '2019-03-13', 580.51, '3488361', '39142875');
insert into Transaction_History (TransactionID, transactiondate, Amount, Accountnumber, PayeeaccountID) values (181, '2021-01-25', 288.49, '9960559', '46208171');
insert into Transaction_History (TransactionID, transactiondate, Amount, Accountnumber, PayeeaccountID) values (182, '2021-03-04', 713.82, '3427104', '17862411');
insert into Transaction_History (TransactionID, transactiondate, Amount, Accountnumber, PayeeaccountID) values (183, '2022-07-19', 4.48, '9713200', '13334975');
insert into Transaction_History (TransactionID, transactiondate, Amount, Accountnumber, PayeeaccountID) values (184, '2022-06-06', 869.96, '3880653', '23611501');
insert into Transaction_History (TransactionID, transactiondate, Amount, Accountnumber, PayeeaccountID) values (185, '2021-12-28', 404.21, '2022966', '33018250');
insert into Transaction_History (TransactionID, transactiondate, Amount, Accountnumber, PayeeaccountID) values (186, '2020-10-17', 838.05, '691075', '22347166');
insert into Transaction_History (TransactionID, transactiondate, Amount, Accountnumber, PayeeaccountID) values (187, '2020-11-04', 278.29, '648807', '28888231');
insert into Transaction_History (TransactionID, transactiondate, Amount, Accountnumber, PayeeaccountID) values (188, '2021-05-27', 68.54, '9906657', '1918599');
insert into Transaction_History (TransactionID, transactiondate, Amount, Accountnumber, PayeeaccountID) values (189, '2022-03-20', 814.9, '8479297', '46097432');
insert into Transaction_History (TransactionID, transactiondate, Amount, Accountnumber, PayeeaccountID) values (190, '2020-04-06', 224.51, '742293', '44590887');
insert into Transaction_History (TransactionID, transactiondate, Amount, Accountnumber, PayeeaccountID) values (191, '2022-03-25', 167.07, '1741836', '39409024');
insert into Transaction_History (TransactionID, transactiondate, Amount, Accountnumber, PayeeaccountID) values (192, '2019-11-23', 626.8, '3835371', '33021326');
insert into Transaction_History (TransactionID, transactiondate, Amount, Accountnumber, PayeeaccountID) values (193, '2020-02-02', 932.19, '5904232', '3949203');
insert into Transaction_History (TransactionID, transactiondate, Amount, Accountnumber, PayeeaccountID) values (194, '2019-02-19', 180.2, '7401617', '15834880');
insert into Transaction_History (TransactionID, transactiondate, Amount, Accountnumber, PayeeaccountID) values (195, '2022-05-18', 223.91, '719844', '4335003');
insert into Transaction_History (TransactionID, transactiondate, Amount, Accountnumber, PayeeaccountID) values (196, '2020-04-18', 580.37, '1279461', '38325371');
insert into Transaction_History (TransactionID, transactiondate, Amount, Accountnumber, PayeeaccountID) values (197, '2021-08-01', 848.34, '8036898', '29437557');
insert into Transaction_History (TransactionID, transactiondate, Amount, Accountnumber, PayeeaccountID) values (198, '2022-09-10', 704.84, '6897996', '22734749');
insert into Transaction_History (TransactionID, transactiondate, Amount, Accountnumber, PayeeaccountID) values (199, '2022-10-26', 721.62, '2222209', '49427082');
insert into Transaction_History (TransactionID, transactiondate, Amount, Accountnumber, PayeeaccountID) values (200, '2022-02-11', 949.27, '3470121', '33813077');
insert into Transaction_History (TransactionID, transactiondate, Amount, Accountnumber, PayeeaccountID) values (201, '2022-02-01', 621.22, '6283288', '2271427');
insert into Transaction_History (TransactionID, transactiondate, Amount, Accountnumber, PayeeaccountID) values (202, '2022-01-19', 916.55, '7641054', '42941580');
insert into Transaction_History (TransactionID, transactiondate, Amount, Accountnumber, PayeeaccountID) values (203, '2021-01-22', 470.48, '777019', '20964181');
insert into Transaction_History (TransactionID, transactiondate, Amount, Accountnumber, PayeeaccountID) values (204, '2022-04-26', 910.25, '5130753', '48251076');
insert into Transaction_History (TransactionID, transactiondate, Amount, Accountnumber, PayeeaccountID) values (205, '2020-01-18', 80.71, '220005', '29980748');
insert into Transaction_History (TransactionID, transactiondate, Amount, Accountnumber, PayeeaccountID) values (206, '2021-02-28', 558.24, '2030042', '45874131');
insert into Transaction_History (TransactionID, transactiondate, Amount, Accountnumber, PayeeaccountID) values (207, '2020-06-26', 667.93, '8231294', '46190909');
insert into Transaction_History (TransactionID, transactiondate, Amount, Accountnumber, PayeeaccountID) values (208, '2020-10-19', 267.04, '7781263', '8257008');
insert into Transaction_History (TransactionID, transactiondate, Amount, Accountnumber, PayeeaccountID) values (209, '2022-08-05', 213.52, '4645373', '20496951');
insert into Transaction_History (TransactionID, transactiondate, Amount, Accountnumber, PayeeaccountID) values (210, '2021-09-05', 847.54, '2270502', '31523025');
insert into Transaction_History (TransactionID, transactiondate, Amount, Accountnumber, PayeeaccountID) values (211, '2019-01-31', 801.56, '7766374', '13096487');
insert into Transaction_History (TransactionID, transactiondate, Amount, Accountnumber, PayeeaccountID) values (212, '2021-08-09', 463.63, '7951377', '19918665');
insert into Transaction_History (TransactionID, transactiondate, Amount, Accountnumber, PayeeaccountID) values (213, '2021-01-11', 630.26, '3548174', '20154229');
insert into Transaction_History (TransactionID, transactiondate, Amount, Accountnumber, PayeeaccountID) values (214, '2021-09-15', 636.59, '1696201', '45840786');
insert into Transaction_History (TransactionID, transactiondate, Amount, Accountnumber, PayeeaccountID) values (215, '2022-05-10', 535.51, '4319843', '33329625');
insert into Transaction_History (TransactionID, transactiondate, Amount, Accountnumber, PayeeaccountID) values (216, '2023-03-17', 822.53, '488797', '1912057');
insert into Transaction_History (TransactionID, transactiondate, Amount, Accountnumber, PayeeaccountID) values (217, '2021-12-06', 438.07, '724720', '26151884');
insert into Transaction_History (TransactionID, transactiondate, Amount, Accountnumber, PayeeaccountID) values (218, '2021-05-01', 194.48, '4334926', '45408096');
insert into Transaction_History (TransactionID, transactiondate, Amount, Accountnumber, PayeeaccountID) values (219, '2022-10-09', 96.33, '7071724', '35772311');
insert into Transaction_History (TransactionID, transactiondate, Amount, Accountnumber, PayeeaccountID) values (220, '2020-09-03', 488.59, '1842636', '16640841');
insert into Transaction_History (TransactionID, transactiondate, Amount, Accountnumber, PayeeaccountID) values (221, '2022-04-28', 98.23, '2497676', '27374252');
insert into Transaction_History (TransactionID, transactiondate, Amount, Accountnumber, PayeeaccountID) values (222, '2019-07-21', 30.66, '3206132', '33952135');
insert into Transaction_History (TransactionID, transactiondate, Amount, Accountnumber, PayeeaccountID) values (223, '2022-12-14', 378.21, '2902561', '30242725');
insert into Transaction_History (TransactionID, transactiondate, Amount, Accountnumber, PayeeaccountID) values (224, '2022-08-04', 197.64, '985728', '11223109');
insert into Transaction_History (TransactionID, transactiondate, Amount, Accountnumber, PayeeaccountID) values (225, '2019-04-24', 42.24, '5914278', '41408201');
insert into Transaction_History (TransactionID, transactiondate, Amount, Accountnumber, PayeeaccountID) values (226, '2020-11-16', 928.67, '6227998', '47622144');
insert into Transaction_History (TransactionID, transactiondate, Amount, Accountnumber, PayeeaccountID) values (227, '2023-04-30', 64.1, '6543315', '2468129');
insert into Transaction_History (TransactionID, transactiondate, Amount, Accountnumber, PayeeaccountID) values (228, '2022-02-14', 119.44, '5386242', '4828511');
insert into Transaction_History (TransactionID, transactiondate, Amount, Accountnumber, PayeeaccountID) values (229, '2019-12-18', 680.21, '6974503', '47912996');
insert into Transaction_History (TransactionID, transactiondate, Amount, Accountnumber, PayeeaccountID) values (230, '2023-02-15', 631.42, '2530226', '9415765');
insert into Transaction_History (TransactionID, transactiondate, Amount, Accountnumber, PayeeaccountID) values (231, '2022-08-16', 750.77, '9450635', '7331183');
insert into Transaction_History (TransactionID, transactiondate, Amount, Accountnumber, PayeeaccountID) values (232, '2023-02-07', 4.14, '517392', '39770222');
insert into Transaction_History (TransactionID, transactiondate, Amount, Accountnumber, PayeeaccountID) values (233, '2020-12-29', 864.79, '3140771', '35561593');
insert into Transaction_History (TransactionID, transactiondate, Amount, Accountnumber, PayeeaccountID) values (234, '2021-04-28', 927.3, '5476035', '42553628');
insert into Transaction_History (TransactionID, transactiondate, Amount, Accountnumber, PayeeaccountID) values (235, '2022-02-08', 700.74, '2144190', '19395843');
insert into Transaction_History (TransactionID, transactiondate, Amount, Accountnumber, PayeeaccountID) values (236, '2021-08-07', 799.51, '9139858', '30012740');
insert into Transaction_History (TransactionID, transactiondate, Amount, Accountnumber, PayeeaccountID) values (237, '2019-07-30', 895.84, '5271320', '42901655');
insert into Transaction_History (TransactionID, transactiondate, Amount, Accountnumber, PayeeaccountID) values (238, '2022-08-05', 462.32, '524690', '10325469');
insert into Transaction_History (TransactionID, transactiondate, Amount, Accountnumber, PayeeaccountID) values (239, '2023-01-10', 447.18, '2185514', '2504794');
insert into Transaction_History (TransactionID, transactiondate, Amount, Accountnumber, PayeeaccountID) values (240, '2021-08-23', 271.45, '1707016', '3445156');
insert into Transaction_History (TransactionID, transactiondate, Amount, Accountnumber, PayeeaccountID) values (241, '2022-11-27', 942.25, '1074315', '38396409');
insert into Transaction_History (TransactionID, transactiondate, Amount, Accountnumber, PayeeaccountID) values (242, '2020-04-05', 655.25, '8900910', '39580129');
insert into Transaction_History (TransactionID, transactiondate, Amount, Accountnumber, PayeeaccountID) values (243, '2019-06-24', 676.7, '9596785', '47178654');
insert into Transaction_History (TransactionID, transactiondate, Amount, Accountnumber, PayeeaccountID) values (244, '2020-01-23', 314.32, '5262002', '415228');
insert into Transaction_History (TransactionID, transactiondate, Amount, Accountnumber, PayeeaccountID) values (245, '2019-12-02', 492.23, '6927962', '36830487');
insert into Transaction_History (TransactionID, transactiondate, Amount, Accountnumber, PayeeaccountID) values (246, '2022-01-30', 672.62, '7138748', '40474264');
insert into Transaction_History (TransactionID, transactiondate, Amount, Accountnumber, PayeeaccountID) values (247, '2022-12-17', 594.25, '8950961', '8531380');
insert into Transaction_History (TransactionID, transactiondate, Amount, Accountnumber, PayeeaccountID) values (248, '2021-07-28', 985.31, '9988825', '9294065');
insert into Transaction_History (TransactionID, transactiondate, Amount, Accountnumber, PayeeaccountID) values (249, '2021-10-23', 115.86, '2488982', '24239307');
insert into Transaction_History (TransactionID, transactiondate, Amount, Accountnumber, PayeeaccountID) values (250, '2022-11-02', 129.57, '9246521', '8475558');
insert into Transaction_History (TransactionID, transactiondate, Amount, Accountnumber, PayeeaccountID) values (251, '2020-05-31', 767.61, '5165894', '49648060');
insert into Transaction_History (TransactionID, transactiondate, Amount, Accountnumber, PayeeaccountID) values (252, '2020-06-16', 926.82, '3135976', '25828710');
insert into Transaction_History (TransactionID, transactiondate, Amount, Accountnumber, PayeeaccountID) values (253, '2022-06-10', 554.63, '1907737', '12480490');
insert into Transaction_History (TransactionID, transactiondate, Amount, Accountnumber, PayeeaccountID) values (254, '2019-12-01', 295.58, '613383', '20912311');
insert into Transaction_History (TransactionID, transactiondate, Amount, Accountnumber, PayeeaccountID) values (255, '2022-03-07', 46.83, '9326350', '2193941');
insert into Transaction_History (TransactionID, transactiondate, Amount, Accountnumber, PayeeaccountID) values (256, '2022-02-25', 137.32, '1943335', '30354642');
insert into Transaction_History (TransactionID, transactiondate, Amount, Accountnumber, PayeeaccountID) values (257, '2019-10-25', 490.18, '8473890', '29855408');
insert into Transaction_History (TransactionID, transactiondate, Amount, Accountnumber, PayeeaccountID) values (258, '2022-08-29', 687.97, '4123883', '41987316');
insert into Transaction_History (TransactionID, transactiondate, Amount, Accountnumber, PayeeaccountID) values (259, '2020-01-15', 355.28, '4015882', '18658207');
insert into Transaction_History (TransactionID, transactiondate, Amount, Accountnumber, PayeeaccountID) values (260, '2022-11-19', 238.88, '9964953', '41833615');
insert into Transaction_History (TransactionID, transactiondate, Amount, Accountnumber, PayeeaccountID) values (261, '2020-12-25', 438.91, '2139883', '1212418');
insert into Transaction_History (TransactionID, transactiondate, Amount, Accountnumber, PayeeaccountID) values (262, '2020-05-16', 23.56, '2855475', '47810454');
insert into Transaction_History (TransactionID, transactiondate, Amount, Accountnumber, PayeeaccountID) values (263, '2020-02-20', 925.59, '5829432', '17797510');
insert into Transaction_History (TransactionID, transactiondate, Amount, Accountnumber, PayeeaccountID) values (264, '2022-05-22', 853.8, '1658694', '37814782');
insert into Transaction_History (TransactionID, transactiondate, Amount, Accountnumber, PayeeaccountID) values (265, '2023-04-04', 212.58, '2078936', '11994052');
insert into Transaction_History (TransactionID, transactiondate, Amount, Accountnumber, PayeeaccountID) values (266, '2022-09-21', 297.4, '6547556', '26417155');
insert into Transaction_History (TransactionID, transactiondate, Amount, Accountnumber, PayeeaccountID) values (267, '2022-02-05', 657.52, '280106', '9422596');
insert into Transaction_History (TransactionID, transactiondate, Amount, Accountnumber, PayeeaccountID) values (268, '2023-04-25', 824.82, '2104277', '3938676');
insert into Transaction_History (TransactionID, transactiondate, Amount, Accountnumber, PayeeaccountID) values (269, '2023-01-26', 621.9, '5496663', '23295497');
insert into Transaction_History (TransactionID, transactiondate, Amount, Accountnumber, PayeeaccountID) values (270, '2021-07-25', 504.07, '4914452', '16844808');
insert into Transaction_History (TransactionID, transactiondate, Amount, Accountnumber, PayeeaccountID) values (271, '2023-02-24', 160.34, '1552128', '39777863');
insert into Transaction_History (TransactionID, transactiondate, Amount, Accountnumber, PayeeaccountID) values (272, '2019-05-17', 821.58, '9060543', '20013643');
insert into Transaction_History (TransactionID, transactiondate, Amount, Accountnumber, PayeeaccountID) values (273, '2022-05-17', 132.18, '8988411', '27237584');
insert into Transaction_History (TransactionID, transactiondate, Amount, Accountnumber, PayeeaccountID) values (274, '2019-10-03', 349.62, '9267217', '7586703');
insert into Transaction_History (TransactionID, transactiondate, Amount, Accountnumber, PayeeaccountID) values (275, '2021-07-07', 372.65, '5052619', '7059113');
insert into Transaction_History (TransactionID, transactiondate, Amount, Accountnumber, PayeeaccountID) values (276, '2019-07-03', 976.96, '1484588', '38204039');
insert into Transaction_History (TransactionID, transactiondate, Amount, Accountnumber, PayeeaccountID) values (277, '2020-03-10', 859.43, '3790509', '34389821');
insert into Transaction_History (TransactionID, transactiondate, Amount, Accountnumber, PayeeaccountID) values (278, '2021-04-13', 823.25, '7427544', '27153242');
insert into Transaction_History (TransactionID, transactiondate, Amount, Accountnumber, PayeeaccountID) values (279, '2020-11-03', 519.26, '7958827', '37244499');
insert into Transaction_History (TransactionID, transactiondate, Amount, Accountnumber, PayeeaccountID) values (280, '2022-01-23', 462.42, '1291875', '11543606');
insert into Transaction_History (TransactionID, transactiondate, Amount, Accountnumber, PayeeaccountID) values (281, '2019-03-31', 121.92, '7069636', '10272555');
insert into Transaction_History (TransactionID, transactiondate, Amount, Accountnumber, PayeeaccountID) values (282, '2020-06-29', 45.22, '5433753', '4944836');
insert into Transaction_History (TransactionID, transactiondate, Amount, Accountnumber, PayeeaccountID) values (283, '2020-07-09', 633.38, '3348347', '24271536');
insert into Transaction_History (TransactionID, transactiondate, Amount, Accountnumber, PayeeaccountID) values (284, '2020-03-24', 111.82, '6657264', '31961491');
insert into Transaction_History (TransactionID, transactiondate, Amount, Accountnumber, PayeeaccountID) values (285, '2020-07-03', 831.87, '9531904', '42447099');
insert into Transaction_History (TransactionID, transactiondate, Amount, Accountnumber, PayeeaccountID) values (286, '2021-08-16', 578.07, '1355946', '13118033');
insert into Transaction_History (TransactionID, transactiondate, Amount, Accountnumber, PayeeaccountID) values (287, '2022-01-28', 307.71, '62349', '44264376');
insert into Transaction_History (TransactionID, transactiondate, Amount, Accountnumber, PayeeaccountID) values (288, '2020-08-06', 758.91, '1339870', '2964464');
insert into Transaction_History (TransactionID, transactiondate, Amount, Accountnumber, PayeeaccountID) values (289, '2022-08-26', 715.47, '3567893', '26944475');
insert into Transaction_History (TransactionID, transactiondate, Amount, Accountnumber, PayeeaccountID) values (290, '2020-07-12', 245.91, '6811852', '25791949');
insert into Transaction_History (TransactionID, transactiondate, Amount, Accountnumber, PayeeaccountID) values (291, '2020-05-01', 312.79, '1291875', '49797356');
insert into Transaction_History (TransactionID, transactiondate, Amount, Accountnumber, PayeeaccountID) values (292, '2020-11-23', 474.52, '5904232', '31184767');
insert into Transaction_History (TransactionID, transactiondate, Amount, Accountnumber, PayeeaccountID) values (293, '2022-02-04', 530.79, '1707016', '45840786');
insert into Transaction_History (TransactionID, transactiondate, Amount, Accountnumber, PayeeaccountID) values (294, '2019-12-01', 46.75, '648807', '8257008');
insert into Transaction_History (TransactionID, transactiondate, Amount, Accountnumber, PayeeaccountID) values (295, '2020-04-06', 696.52, '2862353', '22347166');
insert into Transaction_History (TransactionID, transactiondate, Amount, Accountnumber, PayeeaccountID) values (296, '2022-01-12', 190.46, '4334926', '23295497');
insert into Transaction_History (TransactionID, transactiondate, Amount, Accountnumber, PayeeaccountID) values (297, '2019-11-16', 954.5, '6543315', '49648060');
insert into Transaction_History (TransactionID, transactiondate, Amount, Accountnumber, PayeeaccountID) values (298, '2021-05-06', 301.06, '5386242', '33436168');
insert into Transaction_History (TransactionID, transactiondate, Amount, Accountnumber, PayeeaccountID) values (299, '2020-05-15', 475.91, '3880653', '33813077');
insert into Transaction_History (TransactionID, transactiondate, Amount, Accountnumber, PayeeaccountID) values (300, '2020-07-08', 793.27, '5212449', '41987316');

insert into Transferrequest (TransferID, Amount, Transferdate, TransferStatus, PayeeaccountID) values (1, 256.22, '2023-05-01', 'Pending', '39770222');
insert into Transferrequest (TransferID, Amount, Transferdate, TransferStatus, PayeeaccountID) values (2, 43.78, '2023-05-01', 'Pending', '26151884');
insert into Transferrequest (TransferID, Amount, Transferdate, TransferStatus, PayeeaccountID) values (3, 203.38, '2023-05-04', 'Completed', '11223109');
insert into Transferrequest (TransferID, Amount, Transferdate, TransferStatus, PayeeaccountID) values (4, 755.17, '2023-05-03', 'Failed', '33329625');
insert into Transferrequest (TransferID, Amount, Transferdate, TransferStatus, PayeeaccountID) values (5, 929.24, '2023-05-03', 'Pending', '20013643');
insert into Transferrequest (TransferID, Amount, Transferdate, TransferStatus, PayeeaccountID) values (6, 200.48, '2023-05-01', 'Failed', '8257008');
insert into Transferrequest (TransferID, Amount, Transferdate, TransferStatus, PayeeaccountID) values (7, 142.63, '2023-05-03', 'Pending', '24239307');
insert into Transferrequest (TransferID, Amount, Transferdate, TransferStatus, PayeeaccountID) values (8, 531.34, '2023-05-01', 'Pending', '38396409');
insert into Transferrequest (TransferID, Amount, Transferdate, TransferStatus, PayeeaccountID) values (9, 980.15, '2023-05-04', 'Pending', '32164247');
insert into Transferrequest (TransferID, Amount, Transferdate, TransferStatus, PayeeaccountID) values (10, 106.45, '2023-05-01', 'Failed', '27153242');
insert into Transferrequest (TransferID, Amount, Transferdate, TransferStatus, PayeeaccountID) values (11, 793.65, '2023-05-01', 'Failed', '29855408');
insert into Transferrequest (TransferID, Amount, Transferdate, TransferStatus, PayeeaccountID) values (12, 930.29, '2023-05-01', 'Failed', '2964464');
insert into Transferrequest (TransferID, Amount, Transferdate, TransferStatus, PayeeaccountID) values (13, 127.4, '2023-05-02', 'Completed', '31961491');
insert into Transferrequest (TransferID, Amount, Transferdate, TransferStatus, PayeeaccountID) values (14, 994.59, '2023-05-01', 'Completed', '47622144');
insert into Transferrequest (TransferID, Amount, Transferdate, TransferStatus, PayeeaccountID) values (15, 886.61, '2023-05-04', 'Pending', '13096487');
insert into Transferrequest (TransferID, Amount, Transferdate, TransferStatus, PayeeaccountID) values (16, 645.32, '2023-05-04', 'Failed', '17862411');
insert into Transferrequest (TransferID, Amount, Transferdate, TransferStatus, PayeeaccountID) values (17, 39.57, '2023-05-03', 'Completed', '24271536');
insert into Transferrequest (TransferID, Amount, Transferdate, TransferStatus, PayeeaccountID) values (18, 284.01, '2023-05-02', 'Pending', '42447099');
insert into Transferrequest (TransferID, Amount, Transferdate, TransferStatus, PayeeaccountID) values (19, 274.4, '2023-05-02', 'Pending', '9422596');
insert into Transferrequest (TransferID, Amount, Transferdate, TransferStatus, PayeeaccountID) values (20, 910.77, '2023-05-02', 'Pending', '29437557');
insert into Transferrequest (TransferID, Amount, Transferdate, TransferStatus, PayeeaccountID) values (21, 227.58, '2023-05-03', 'Pending', '37814782');
insert into Transferrequest (TransferID, Amount, Transferdate, TransferStatus, PayeeaccountID) values (22, 382.36, '2023-05-03', 'Failed', '14740735');
insert into Transferrequest (TransferID, Amount, Transferdate, TransferStatus, PayeeaccountID) values (23, 847.39, '2023-05-01', 'Pending', '24886875');
insert into Transferrequest (TransferID, Amount, Transferdate, TransferStatus, PayeeaccountID) values (24, 593.83, '2023-05-01', 'Failed', '8475558');
insert into Transferrequest (TransferID, Amount, Transferdate, TransferStatus, PayeeaccountID) values (25, 829.49, '2023-05-01', 'Failed', '13118033');
insert into Transferrequest (TransferID, Amount, Transferdate, TransferStatus, PayeeaccountID) values (26, 677.65, '2023-05-04', 'Completed', '20964181');
insert into Transferrequest (TransferID, Amount, Transferdate, TransferStatus, PayeeaccountID) values (27, 680.33, '2023-05-02', 'Completed', '47810454');
insert into Transferrequest (TransferID, Amount, Transferdate, TransferStatus, PayeeaccountID) values (28, 903.86, '2023-05-02', 'Pending', '35561593');
insert into Transferrequest (TransferID, Amount, Transferdate, TransferStatus, PayeeaccountID) values (29, 951.76, '2023-05-03', 'Completed', '2468129');
insert into Transferrequest (TransferID, Amount, Transferdate, TransferStatus, PayeeaccountID) values (30, 160.33, '2023-05-02', 'Completed', '19698520');
insert into Transferrequest (TransferID, Amount, Transferdate, TransferStatus, PayeeaccountID) values (31, 330.28, '2023-05-02', 'Pending', '415228');
insert into Transferrequest (TransferID, Amount, Transferdate, TransferStatus, PayeeaccountID) values (32, 348.58, '2023-05-04', 'Failed', '40140745');
insert into Transferrequest (TransferID, Amount, Transferdate, TransferStatus, PayeeaccountID) values (33, 808.81, '2023-05-02', 'Failed', '13677035');
insert into Transferrequest (TransferID, Amount, Transferdate, TransferStatus, PayeeaccountID) values (34, 60.67, '2023-05-01', 'Pending', '4944836');
insert into Transferrequest (TransferID, Amount, Transferdate, TransferStatus, PayeeaccountID) values (35, 381.88, '2023-05-04', 'Completed', '49648060');
insert into Transferrequest (TransferID, Amount, Transferdate, TransferStatus, PayeeaccountID) values (36, 196.37, '2023-05-03', 'Failed', '20435831');
insert into Transferrequest (TransferID, Amount, Transferdate, TransferStatus, PayeeaccountID) values (37, 704.35, '2023-05-01', 'Completed', '7331183');
insert into Transferrequest (TransferID, Amount, Transferdate, TransferStatus, PayeeaccountID) values (38, 181.12, '2023-05-01', 'Completed', '22734749');
insert into Transferrequest (TransferID, Amount, Transferdate, TransferStatus, PayeeaccountID) values (39, 591.75, '2023-05-03', 'Failed', '15834880');
insert into Transferrequest (TransferID, Amount, Transferdate, TransferStatus, PayeeaccountID) values (40, 706.8, '2023-05-01', 'Failed', '30372661');
insert into Transferrequest (TransferID, Amount, Transferdate, TransferStatus, PayeeaccountID) values (41, 256.72, '2023-05-01', 'Failed', '17899125');
insert into Transferrequest (TransferID, Amount, Transferdate, TransferStatus, PayeeaccountID) values (42, 506.21, '2023-05-03', 'Pending', '25828710');
insert into Transferrequest (TransferID, Amount, Transferdate, TransferStatus, PayeeaccountID) values (43, 4.84, '2023-05-04', 'Completed', '26710649');
insert into Transferrequest (TransferID, Amount, Transferdate, TransferStatus, PayeeaccountID) values (44, 594.63, '2023-05-04', 'Failed', '26417155');
insert into Transferrequest (TransferID, Amount, Transferdate, TransferStatus, PayeeaccountID) values (45, 974.6, '2023-05-04', 'Completed', '10595678');
insert into Transferrequest (TransferID, Amount, Transferdate, TransferStatus, PayeeaccountID) values (46, 946.23, '2023-05-01', 'Completed', '1918599');
insert into Transferrequest (TransferID, Amount, Transferdate, TransferStatus, PayeeaccountID) values (47, 100.91, '2023-05-03', 'Completed', '19918665');
insert into Transferrequest (TransferID, Amount, Transferdate, TransferStatus, PayeeaccountID) values (48, 501.06, '2023-05-02', 'Failed', '11994052');
insert into Transferrequest (TransferID, Amount, Transferdate, TransferStatus, PayeeaccountID) values (49, 635.23, '2023-05-03', 'Completed', '23611501');
insert into Transferrequest (TransferID, Amount, Transferdate, TransferStatus, PayeeaccountID) values (50, 393.42, '2023-05-03', 'Completed', '35772311');
insert into Transferrequest (TransferID, Amount, Transferdate, TransferStatus, PayeeaccountID) values (51, 119.26, '2023-05-02', 'Completed', '4828511');
insert into Transferrequest (TransferID, Amount, Transferdate, TransferStatus, PayeeaccountID) values (52, 994.34, '2023-05-02', 'Pending', '1212418');
insert into Transferrequest (TransferID, Amount, Transferdate, TransferStatus, PayeeaccountID) values (53, 491.24, '2023-05-03', 'Pending', '28066914');
insert into Transferrequest (TransferID, Amount, Transferdate, TransferStatus, PayeeaccountID) values (54, 445.74, '2023-05-03', 'Completed', '3118880');
insert into Transferrequest (TransferID, Amount, Transferdate, TransferStatus, PayeeaccountID) values (55, 919.59, '2023-05-03', 'Completed', '26944475');
insert into Transferrequest (TransferID, Amount, Transferdate, TransferStatus, PayeeaccountID) values (56, 389.41, '2023-05-04', 'Completed', '7059113');
insert into Transferrequest (TransferID, Amount, Transferdate, TransferStatus, PayeeaccountID) values (57, 989.78, '2023-05-04', 'Completed', '36723688');
insert into Transferrequest (TransferID, Amount, Transferdate, TransferStatus, PayeeaccountID) values (58, 200.05, '2023-05-03', 'Pending', '26913267');
insert into Transferrequest (TransferID, Amount, Transferdate, TransferStatus, PayeeaccountID) values (59, 47.51, '2023-05-03', 'Completed', '45408096');
insert into Transferrequest (TransferID, Amount, Transferdate, TransferStatus, PayeeaccountID) values (60, 119.66, '2023-05-03', 'Pending', '3938676');
insert into Transferrequest (TransferID, Amount, Transferdate, TransferStatus, PayeeaccountID) values (61, 409.14, '2023-05-02', 'Completed', '42151685');
insert into Transferrequest (TransferID, Amount, Transferdate, TransferStatus, PayeeaccountID) values (62, 327.13, '2023-05-01', 'Failed', '23295497');
insert into Transferrequest (TransferID, Amount, Transferdate, TransferStatus, PayeeaccountID) values (63, 456.99, '2023-05-02', 'Failed', '39580129');
insert into Transferrequest (TransferID, Amount, Transferdate, TransferStatus, PayeeaccountID) values (64, 820.7, '2023-05-04', 'Pending', '22347166');
insert into Transferrequest (TransferID, Amount, Transferdate, TransferStatus, PayeeaccountID) values (65, 435.39, '2023-05-02', 'Completed', '30354642');
insert into Transferrequest (TransferID, Amount, Transferdate, TransferStatus, PayeeaccountID) values (66, 180.38, '2023-05-02', 'Completed', '42901655');
insert into Transferrequest (TransferID, Amount, Transferdate, TransferStatus, PayeeaccountID) values (67, 391.98, '2023-05-03', 'Failed', '13334975');
insert into Transferrequest (TransferID, Amount, Transferdate, TransferStatus, PayeeaccountID) values (68, 350.27, '2023-05-02', 'Failed', '33813077');
insert into Transferrequest (TransferID, Amount, Transferdate, TransferStatus, PayeeaccountID) values (69, 189.39, '2023-05-02', 'Failed', '1912057');
insert into Transferrequest (TransferID, Amount, Transferdate, TransferStatus, PayeeaccountID) values (70, 892.22, '2023-05-02', 'Failed', '24755541');
insert into Transferrequest (TransferID, Amount, Transferdate, TransferStatus, PayeeaccountID) values (71, 465.05, '2023-05-02', 'Pending', '18620878');
insert into Transferrequest (TransferID, Amount, Transferdate, TransferStatus, PayeeaccountID) values (72, 151.3, '2023-05-01', 'Failed', '3445156');
insert into Transferrequest (TransferID, Amount, Transferdate, TransferStatus, PayeeaccountID) values (73, 348.6, '2023-05-03', 'Completed', '4335003');
insert into Transferrequest (TransferID, Amount, Transferdate, TransferStatus, PayeeaccountID) values (74, 671.3, '2023-05-03', 'Completed', '3949203');
insert into Transferrequest (TransferID, Amount, Transferdate, TransferStatus, PayeeaccountID) values (75, 555.87, '2023-05-04', 'Completed', '42941580');
insert into Transferrequest (TransferID, Amount, Transferdate, TransferStatus, PayeeaccountID) values (76, 605.88, '2023-05-01', 'Failed', '38204039');
insert into Transferrequest (TransferID, Amount, Transferdate, TransferStatus, PayeeaccountID) values (77, 550.23, '2023-05-03', 'Pending', '46097432');
insert into Transferrequest (TransferID, Amount, Transferdate, TransferStatus, PayeeaccountID) values (78, 569.68, '2023-05-01', 'Completed', '12480490');
insert into Transferrequest (TransferID, Amount, Transferdate, TransferStatus, PayeeaccountID) values (79, 63.35, '2023-05-04', 'Pending', '33436168');
insert into Transferrequest (TransferID, Amount, Transferdate, TransferStatus, PayeeaccountID) values (80, 67.1, '2023-05-03', 'Completed', '18121440');
insert into Transferrequest (TransferID, Amount, Transferdate, TransferStatus, PayeeaccountID) values (81, 484.01, '2023-05-02', 'Pending', '23587049');
insert into Transferrequest (TransferID, Amount, Transferdate, TransferStatus, PayeeaccountID) values (82, 910.17, '2023-05-02', 'Pending', '44590887');
insert into Transferrequest (TransferID, Amount, Transferdate, TransferStatus, PayeeaccountID) values (83, 174.69, '2023-05-01', 'Completed', '45874131');
insert into Transferrequest (TransferID, Amount, Transferdate, TransferStatus, PayeeaccountID) values (84, 664.83, '2023-05-03', 'Completed', '2504794');
insert into Transferrequest (TransferID, Amount, Transferdate, TransferStatus, PayeeaccountID) values (85, 35.61, '2023-05-04', 'Pending', '5064727');
insert into Transferrequest (TransferID, Amount, Transferdate, TransferStatus, PayeeaccountID) values (86, 953.09, '2023-05-03', 'Failed', '39142875');
insert into Transferrequest (TransferID, Amount, Transferdate, TransferStatus, PayeeaccountID) values (87, 372.67, '2023-05-02', 'Pending', '46190909');
insert into Transferrequest (TransferID, Amount, Transferdate, TransferStatus, PayeeaccountID) values (88, 4.07, '2023-05-01', 'Completed', '30500814');
insert into Transferrequest (TransferID, Amount, Transferdate, TransferStatus, PayeeaccountID) values (89, 532.26, '2023-05-02', 'Failed', '33952135');
insert into Transferrequest (TransferID, Amount, Transferdate, TransferStatus, PayeeaccountID) values (90, 226.46, '2023-05-01', 'Failed', '31523025');
insert into Transferrequest (TransferID, Amount, Transferdate, TransferStatus, PayeeaccountID) values (91, 557.85, '2023-05-04', 'Failed', '37244499');
insert into Transferrequest (TransferID, Amount, Transferdate, TransferStatus, PayeeaccountID) values (92, 889.9, '2023-05-02', 'Failed', '45840786');
insert into Transferrequest (TransferID, Amount, Transferdate, TransferStatus, PayeeaccountID) values (93, 553.11, '2023-05-03', 'Pending', '36830487');
insert into Transferrequest (TransferID, Amount, Transferdate, TransferStatus, PayeeaccountID) values (94, 869.18, '2023-05-02', 'Completed', '17356130');
insert into Transferrequest (TransferID, Amount, Transferdate, TransferStatus, PayeeaccountID) values (95, 160.32, '2023-05-04', 'Failed', '28888231');
insert into Transferrequest (TransferID, Amount, Transferdate, TransferStatus, PayeeaccountID) values (96, 737.6, '2023-05-04', 'Failed', '12771197');
insert into Transferrequest (TransferID, Amount, Transferdate, TransferStatus, PayeeaccountID) values (97, 332.88, '2023-05-03', 'Pending', '47911036');
insert into Transferrequest (TransferID, Amount, Transferdate, TransferStatus, PayeeaccountID) values (98, 326.62, '2023-05-03', 'Failed', '18658207');
insert into Transferrequest (TransferID, Amount, Transferdate, TransferStatus, PayeeaccountID) values (99, 483.63, '2023-05-04', 'Failed', '12079454');
insert into Transferrequest (TransferID, Amount, Transferdate, TransferStatus, PayeeaccountID) values (100, 596.17, '2023-05-03', 'Pending', '24093878');
insert into Transferrequest (TransferID, Amount, Transferdate, TransferStatus, PayeeaccountID) values (101, 273.88, '2023-05-02', 'Pending', '25791949');
insert into Transferrequest (TransferID, Amount, Transferdate, TransferStatus, PayeeaccountID) values (102, 7.58, '2023-05-02', 'Failed', '17797510');
insert into Transferrequest (TransferID, Amount, Transferdate, TransferStatus, PayeeaccountID) values (103, 51.15, '2023-05-03', 'Pending', '2193941');
insert into Transferrequest (TransferID, Amount, Transferdate, TransferStatus, PayeeaccountID) values (104, 558.0, '2023-05-02', 'Completed', '39409024');
insert into Transferrequest (TransferID, Amount, Transferdate, TransferStatus, PayeeaccountID) values (105, 220.99, '2023-05-01', 'Completed', '34389821');
insert into Transferrequest (TransferID, Amount, Transferdate, TransferStatus, PayeeaccountID) values (106, 723.13, '2023-05-03', 'Failed', '7189038');
insert into Transferrequest (TransferID, Amount, Transferdate, TransferStatus, PayeeaccountID) values (107, 12.61, '2023-05-02', 'Completed', '47703791');
insert into Transferrequest (TransferID, Amount, Transferdate, TransferStatus, PayeeaccountID) values (108, 131.89, '2023-05-02', 'Completed', '47178654');
insert into Transferrequest (TransferID, Amount, Transferdate, TransferStatus, PayeeaccountID) values (109, 585.07, '2023-05-01', 'Completed', '40474264');
insert into Transferrequest (TransferID, Amount, Transferdate, TransferStatus, PayeeaccountID) values (110, 425.9, '2023-05-01', 'Pending', '41408201');
insert into Transferrequest (TransferID, Amount, Transferdate, TransferStatus, PayeeaccountID) values (111, 21.77, '2023-05-03', 'Pending', '46208171');
insert into Transferrequest (TransferID, Amount, Transferdate, TransferStatus, PayeeaccountID) values (112, 17.44, '2023-05-04', 'Completed', '17380799');
insert into Transferrequest (TransferID, Amount, Transferdate, TransferStatus, PayeeaccountID) values (113, 964.76, '2023-05-01', 'Failed', '20496951');
insert into Transferrequest (TransferID, Amount, Transferdate, TransferStatus, PayeeaccountID) values (114, 432.67, '2023-05-01', 'Completed', '2271427');
insert into Transferrequest (TransferID, Amount, Transferdate, TransferStatus, PayeeaccountID) values (115, 960.51, '2023-05-01', 'Completed', '15640251');
insert into Transferrequest (TransferID, Amount, Transferdate, TransferStatus, PayeeaccountID) values (116, 480.53, '2023-05-03', 'Pending', '19395843');
insert into Transferrequest (TransferID, Amount, Transferdate, TransferStatus, PayeeaccountID) values (117, 116.91, '2023-05-04', 'Pending', '33021326');
insert into Transferrequest (TransferID, Amount, Transferdate, TransferStatus, PayeeaccountID) values (118, 536.9, '2023-05-01', 'Failed', '30012740');
insert into Transferrequest (TransferID, Amount, Transferdate, TransferStatus, PayeeaccountID) values (119, 789.58, '2023-05-01', 'Completed', '8604421');
insert into Transferrequest (TransferID, Amount, Transferdate, TransferStatus, PayeeaccountID) values (120, 450.9, '2023-05-03', 'Pending', '33018250');
insert into Transferrequest (TransferID, Amount, Transferdate, TransferStatus, PayeeaccountID) values (121, 185.47, '2023-05-03', 'Completed', '44039837');
insert into Transferrequest (TransferID, Amount, Transferdate, TransferStatus, PayeeaccountID) values (122, 634.64, '2023-05-01', 'Completed', '8531380');
insert into Transferrequest (TransferID, Amount, Transferdate, TransferStatus, PayeeaccountID) values (123, 298.41, '2023-05-01', 'Completed', '7586703');
insert into Transferrequest (TransferID, Amount, Transferdate, TransferStatus, PayeeaccountID) values (124, 164.72, '2023-05-04', 'Pending', '47912996');
insert into Transferrequest (TransferID, Amount, Transferdate, TransferStatus, PayeeaccountID) values (125, 671.99, '2023-05-03', 'Failed', '35184777');
insert into Transferrequest (TransferID, Amount, Transferdate, TransferStatus, PayeeaccountID) values (126, 749.14, '2023-05-02', 'Pending', '27374252');
insert into Transferrequest (TransferID, Amount, Transferdate, TransferStatus, PayeeaccountID) values (127, 887.85, '2023-05-02', 'Pending', '16844808');
insert into Transferrequest (TransferID, Amount, Transferdate, TransferStatus, PayeeaccountID) values (128, 789.5, '2023-05-01', 'Pending', '29980748');
insert into Transferrequest (TransferID, Amount, Transferdate, TransferStatus, PayeeaccountID) values (129, 580.99, '2023-05-04', 'Pending', '16640841');
insert into Transferrequest (TransferID, Amount, Transferdate, TransferStatus, PayeeaccountID) values (130, 799.87, '2023-05-04', 'Pending', '30242725');
insert into Transferrequest (TransferID, Amount, Transferdate, TransferStatus, PayeeaccountID) values (131, 15.9, '2023-05-03', 'Failed', '41987316');
insert into Transferrequest (TransferID, Amount, Transferdate, TransferStatus, PayeeaccountID) values (132, 568.66, '2023-05-01', 'Pending', '41833615');
insert into Transferrequest (TransferID, Amount, Transferdate, TransferStatus, PayeeaccountID) values (133, 595.85, '2023-05-02', 'Failed', '44264376');
insert into Transferrequest (TransferID, Amount, Transferdate, TransferStatus, PayeeaccountID) values (134, 83.46, '2023-05-01', 'Pending', '31184767');
insert into Transferrequest (TransferID, Amount, Transferdate, TransferStatus, PayeeaccountID) values (135, 517.87, '2023-05-03', 'Failed', '10325469');
insert into Transferrequest (TransferID, Amount, Transferdate, TransferStatus, PayeeaccountID) values (136, 748.54, '2023-05-04', 'Failed', '20154229');
insert into Transferrequest (TransferID, Amount, Transferdate, TransferStatus, PayeeaccountID) values (137, 77.77, '2023-05-03', 'Failed', '38325371');
insert into Transferrequest (TransferID, Amount, Transferdate, TransferStatus, PayeeaccountID) values (138, 919.73, '2023-05-02', 'Failed', '42553628');
insert into Transferrequest (TransferID, Amount, Transferdate, TransferStatus, PayeeaccountID) values (139, 34.59, '2023-05-02', 'Pending', '48251076');
insert into Transferrequest (TransferID, Amount, Transferdate, TransferStatus, PayeeaccountID) values (140, 553.48, '2023-05-01', 'Pending', '49797356');
insert into Transferrequest (TransferID, Amount, Transferdate, TransferStatus, PayeeaccountID) values (141, 521.2, '2023-05-02', 'Pending', '2600947');
insert into Transferrequest (TransferID, Amount, Transferdate, TransferStatus, PayeeaccountID) values (142, 806.11, '2023-05-02', 'Completed', '11543606');
insert into Transferrequest (TransferID, Amount, Transferdate, TransferStatus, PayeeaccountID) values (143, 575.89, '2023-05-02', 'Pending', '9415765');
insert into Transferrequest (TransferID, Amount, Transferdate, TransferStatus, PayeeaccountID) values (144, 37.41, '2023-05-04', 'Failed', '10595678');
insert into Transferrequest (TransferID, Amount, Transferdate, TransferStatus, PayeeaccountID) values (145, 443.56, '2023-05-01', 'Completed', '47911036');
insert into Transferrequest (TransferID, Amount, Transferdate, TransferStatus, PayeeaccountID) values (146, 14.49, '2023-05-01', 'Failed', '4335003');
insert into Transferrequest (TransferID, Amount, Transferdate, TransferStatus, PayeeaccountID) values (147, 409.88, '2023-05-01', 'Failed', '42447099');
insert into Transferrequest (TransferID, Amount, Transferdate, TransferStatus, PayeeaccountID) values (148, 810.86, '2023-05-04', 'Completed', '41833615');
insert into Transferrequest (TransferID, Amount, Transferdate, TransferStatus, PayeeaccountID) values (149, 212.96, '2023-05-03', 'Failed', '1212418');
insert into Transferrequest (TransferID, Amount, Transferdate, TransferStatus, PayeeaccountID) values (150, 988.45, '2023-05-01', 'Pending', '18620878');


